course_id,course_code,course_name,category,programme,year,semester,batch,credits,course_type,theory_hours,lab_hours,tutorial_hours,total_weekly_hours,faculty_assigned,enrollment,prerequisite,co_requisite,assessment_pattern
1,ITEPMA11ESB1,Educational Statistics,Major,ITEP,1,1,Batch-1,5,Theory,5,0,1,6,Dr. Kusum Gupta,40,,,Project (50%) + Presentation (30%) + Viva (20%)
2,ITEPMA11CDAB1,Child Development and Learning II,Major,ITEP,1,1,Batch-1,5,Theory,5,0,1,6,Prof. Vinay Joshi,50,Basic Child,,Project (50%) + Presentation (30%) + Viva (20%)
3,ITEPMA11PEIB1,Peace Education III,Major,ITEP,1,1,Batch-1,4,Theory,4,0,1,5,Prof. Sanjay Joshi,41,,,Continuous Assessment (40%) + End-term (60%)
4,ITEPMA11SMAB1,School Management and Administration IV,Major,ITEP,1,1,Batch-1,3,Theory,3,0,1,4,Prof. Tarun Kumar,41,,,Practical (60%) + Theory (40%)
5,ITEPMA11EPAB1,Educational Planning and Management V,Major,ITEP,1,1,Batch-1,5,Theory,5,0,1,6,Dr. Shalini Gupta,46,,,Mid-term (30%) + End-term (50%) + Assignment (20%)
6,ITEPMA11ETIB1,Educational Technology I,Major,ITEP,1,1,Batch-1,3,Theory,3,0,1,4,Prof. Arun Kumar,49,,,Continuous Assessment (40%) + End-term (60%)
7,ITEPMI11GSB1,Gender Studies,Minor,ITEP,1,1,Batch-1,2,Theory,2,0,0,2,Prof. Anil Patel,30,,,Practical (60%) + Theory (40%)
8,ITEPMI11SDIB1,Sustainable Development II,Minor,ITEP,1,1,Batch-1,3,Theory,3,0,1,4,Dr. Vandana Singh,28,,,Practical (60%) + Theory (40%)
9,ITEPMI11NIB1,Neuroscience III,Minor,ITEP,1,1,Batch-1,3,Theory,3,0,1,4,Prof. Bhushan Patel,21,,,Practical (60%) + Theory (40%)
10,ITEPMI11LSIB1,Library Science IV,Minor,ITEP,1,1,Batch-1,3,Theory,3,0,1,4,Prof. Gaurav Tiwari,27,,,Project (50%) + Presentation (30%) + Viva (20%)
11,ITEPMI11CRVB1,Comparative Religion V,Minor,ITEP,1,1,Batch-1,4,Theory,4,0,1,5,Dr. Shweta Saxena,25,,,Mid-term (30%) + End-term (50%) + Assignment (20%)
12,ITEPSK11GDB1,Graphic Design,Skill-Based,ITEP,1,1,Batch-1,2,Practical,1,0,1,2,Dr. Sadhna Mishra,14,,,Project (50%) + Presentation (30%) + Viva (20%)
13,ITEPSK11FL(B1,Foreign Language (Spanish) II,Skill-Based,ITEP,1,1,Batch-1,3,Practical,2,0,1,3,Dr. Ravi Agarwal,17,,,Continuous Assessment (40%) + End-term (60%)
14,ITEPSK11VPIB1,Video Production III,Skill-Based,ITEP,1,1,Batch-1,3,Practical,2,0,1,3,Dr. Sunita Verma,17,,,Project (50%) + Presentation (30%) + Viva (20%)
15,ITEPSK11EIIB1,Emotional Intelligence IV,Skill-Based,ITEP,1,1,Batch-1,3,Practical,2,0,1,3,Prof. Amit Singh,20,,,Practical (60%) + Theory (40%)
16,ITEPSK11SLVB1,Sign Language V,Skill-Based,ITEP,1,1,Batch-1,2,Practical,1,0,1,2,Prof. Rakesh Gupta,20,,,Practical (60%) + Theory (40%)
17,ITEPAE11CSBB1,Cyber Security Basics,AEC,ITEP,1,1,Batch-1,3,Theory,3,0,1,4,Prof. Manish Agrawal,18,,,Practical (60%) + Theory (40%)
18,ITEPAE11IAWB1,Internet and Web Technologies II,AEC,ITEP,1,1,Batch-1,2,Theory,2,0,0,2,Dr. Manju Agarwal,19,,,Project (50%) + Presentation (30%) + Viva (20%)
19,ITEPAE11DLIB1,Digital Literacy III,AEC,ITEP,1,1,Batch-1,2,Theory,2,0,0,2,Dr. Rina Sharma,14,Basic Digital,,Project (50%) + Presentation (30%) + Viva (20%)
20,ITEPAE11LRIB1,Logical Reasoning IV,AEC,ITEP,1,1,Batch-1,2,Theory,2,0,0,2,Prof. Subhash Patel,19,Basic Logical,,Project (50%) + Presentation (30%) + Viva (20%)
21,ITEPAE11LRVB1,Logical Reasoning V,AEC,ITEP,1,1,Batch-1,2,Theory,2,0,0,2,Dr. Pooja Agarwal,15,,,Project (50%) + Presentation (30%) + Viva (20%)
22,ITEPVA11SLB1,Sustainable Living,VAC,ITEP,1,1,Batch-1,2,Theory,2,0,0,2,Dr. Smita Joshi,18,,,Practical (60%) + Theory (40%)
23,ITEPVA11SSAB1,Social Service and Outreach II,VAC,ITEP,1,1,Batch-1,2,Theory,2,0,0,2,Prof. Pramod Mishra,18,Basic Social,,Project (50%) + Presentation (30%) + Viva (20%)
24,ITEPVA11IKSB1,Indian Knowledge Systems III,VAC,ITEP,1,1,Batch-1,1,Theory,1,0,0,1,Dr. Rashmi Sinha,20,,,Mid-term (30%) + End-term (50%) + Assignment (20%)
25,ITEPVA11WMIB1,Waste Management IV,VAC,ITEP,1,1,Batch-1,1,Theory,1,0,0,1,Prof. Vijay Prasad,16,,,Practical (60%) + Theory (40%)
26,ITEPVA11TAAB1,Traditional Arts and Crafts V,VAC,ITEP,1,1,Batch-1,1,Theory,1,0,0,1,Prof. Brijesh Tiwari,17,,,Practical (60%) + Theory (40%)
27,ITEPMA12EPB1,Educational Psychology,Major,ITEP,1,2,Batch-1,4,Theory,4,0,1,5,Dr. Sunita Verma,40,,,Practical (60%) + Theory (40%)
28,ITEPMA12EPAB1,Educational Planning and Management II,Major,ITEP,1,2,Batch-1,3,Theory,3,0,1,4,Dr. Anjali Thakur,39,Basic Educational,,Practical (60%) + Theory (40%)
29,ITEPMA12ARIB1,Action Research III,Major,ITEP,1,2,Batch-1,3,Theory,3,0,1,4,Prof. Rohit Singh,41,,,Continuous Assessment (40%) + End-term (60%)
30,ITEPMA12POEB1,Philosophy of Education IV,Major,ITEP,1,2,Batch-1,4,Theory,4,0,1,5,Prof. Mukesh Agarwal,40,,,Continuous Assessment (40%) + End-term (60%)
31,ITEPMA12CDAB1,Child Development and Learning V,Major,ITEP,1,2,Batch-1,5,Theory,5,0,1,6,Prof. Sanjay Kumar,43,,,Mid-term (30%) + End-term (50%) + Assignment (20%)
32,ITEPMA12ETIB1,Educational Technology I,Major,ITEP,1,2,Batch-1,4,Theory,4,0,1,5,Dr. Anita Kulkarni,47,,,Project (50%) + Presentation (30%) + Viva (20%)
33,ITEPMI12GSB1,Gender Studies,Minor,ITEP,1,2,Batch-1,3,Theory,3,0,1,4,Prof. Sanjay Kumar,29,,,Mid-term (30%) + End-term (50%) + Assignment (20%)
34,ITEPMI12CSIB1,Cognitive Science II,Minor,ITEP,1,2,Batch-1,4,Theory,4,0,1,5,Dr. Bharti Sharma,27,,,Practical (60%) + Theory (40%)
35,ITEPMI12DSIB1,Disability Studies III,Minor,ITEP,1,2,Batch-1,2,Theory,2,0,0,2,Dr. Nita Joshi,25,,,Practical (60%) + Theory (40%)
36,ITEPMI12SDIB1,Sustainable Development IV,Minor,ITEP,1,2,Batch-1,3,Theory,3,0,1,4,Dr. Usha Rani,31,,,Practical (60%) + Theory (40%)
37,ITEPMI12PSVB1,Peace Studies V,Minor,ITEP,1,2,Batch-1,2,Theory,2,0,0,2,Prof. Harish Chandra,24,,,Project (50%) + Presentation (30%) + Viva (20%)
38,ITEPSK12DMB1,Digital Marketing,Skill-Based,ITEP,1,2,Batch-1,2,Practical,1,0,1,2,Dr. Sudha Singh,19,,,Project (50%) + Presentation (30%) + Viva (20%)
39,ITEPSK12DMIB1,Digital Marketing II,Skill-Based,ITEP,1,2,Batch-1,2,Practical,1,0,1,2,Prof. Pankaj Verma,19,Basic Digital,,Continuous Assessment (40%) + End-term (60%)
40,ITEPSK12FLIB1,Financial Literacy III,Skill-Based,ITEP,1,2,Batch-1,2,Practical,1,0,1,2,Prof. Rohit Mehta,19,,,Mid-term (30%) + End-term (50%) + Assignment (20%)
41,ITEPSK12AWIB1,Academic Writing IV,Skill-Based,ITEP,1,2,Batch-1,3,Practical,2,0,1,3,Prof. Sachin Patel,18,,,Practical (60%) + Theory (40%)
42,ITEPSK12CWVB1,Creative Writing V,Skill-Based,ITEP,1,2,Batch-1,2,Practical,1,0,1,2,Dr. Ravi Agarwal,15,,,Project (50%) + Presentation (30%) + Viva (20%)
43,ITEPAE12CSBB1,Cyber Security Basics,AEC,ITEP,1,2,Batch-1,3,Theory,3,0,1,4,Dr. Kusum Gupta,14,,,Continuous Assessment (40%) + End-term (60%)
44,ITEPAE12CSBB1,Cyber Security Basics II,AEC,ITEP,1,2,Batch-1,2,Theory,2,0,0,2,Dr. Sarita Singh,17,,,Continuous Assessment (40%) + End-term (60%)
45,ITEPAE12ECIB1,English Communication III,AEC,ITEP,1,2,Batch-1,2,Theory,2,0,0,2,Prof. Deepak Agarwal,17,,,Practical (60%) + Theory (40%)
46,ITEPAE12ILIB1,Information Literacy IV,AEC,ITEP,1,2,Batch-1,2,Theory,2,0,0,2,Dr. Sunita Verma,17,,,Practical (60%) + Theory (40%)
47,ITEPAE12ASVB1,Analytical Skills V,AEC,ITEP,1,2,Batch-1,2,Theory,2,0,0,2,Prof. Mukesh Yadav,14,,,Practical (60%) + Theory (40%)
48,ITEPVA12YAMB1,Yoga and Meditation,VAC,ITEP,1,2,Batch-1,1,Theory,1,0,0,1,Prof. Rohit Singh,17,Basic Yoga,,Mid-term (30%) + End-term (50%) + Assignment (20%)
49,ITEPVA12EAMB1,Ethics and Moral Values II,VAC,ITEP,1,2,Batch-1,1,Theory,1,0,0,1,Dr. Sunanda Jain,16,,,Project (50%) + Presentation (30%) + Viva (20%)
50,ITEPVA12CDIB1,Community Development III,VAC,ITEP,1,2,Batch-1,1,Theory,1,0,0,1,Prof. Ashok Yadav,14,Basic Community,,Mid-term (30%) + End-term (50%) + Assignment (20%)
51,ITEPVA12EAMB1,Ethics and Moral Values IV,VAC,ITEP,1,2,Batch-1,2,Theory,2,0,0,2,Prof. Naresh Chandra,14,,,Mid-term (30%) + End-term (50%) + Assignment (20%)
52,ITEPVA12HVVB1,Human Values V,VAC,ITEP,1,2,Batch-1,1,Theory,1,0,0,1,Prof. Rohit Mehta,19,,,Project (50%) + Presentation (30%) + Viva (20%)
53,ITEPMA23SOEB1,Sociology of Education,Major,ITEP,2,3,Batch-1,5,Theory,5,0,1,6,Dr. Sarita Bhardwaj,49,,,Practical (60%) + Theory (40%)
54,ITEPMA23GACB1,Guidance and Counselling II,Major,ITEP,2,3,Batch-1,3,Theory,3,0,1,4,Prof. Brijesh Tiwari,36,,,Project (50%) + Presentation (30%) + Viva (20%)
55,ITEPMA23SOEB1,Sociology of Education III,Major,ITEP,2,3,Batch-1,3,Theory,3,0,1,4,Prof. Amit Singh,42,,,Mid-term (30%) + End-term (50%) + Assignment (20%)
56,ITEPMA23EPAB1,Educational Planning and Management IV,Major,ITEP,2,3,Batch-1,3,Theory,3,0,1,4,Prof. Sanjay Kumar,37,,,Project (50%) + Presentation (30%) + Viva (20%)
57,ITEPMA23AACB1,Adult and Continuing Education V,Major,ITEP,2,3,Batch-1,5,Theory,5,0,1,6,Dr. Rekha Singh,31,,,Continuous Assessment (40%) + End-term (60%)
58,ITEPMA23GACB1,Guidance and Counselling I,Major,ITEP,2,3,Batch-1,4,Theory,4,0,1,5,Prof. Mohan Gupta,33,,,Project (50%) + Presentation (30%) + Viva (20%)
59,ITEPMI23PAB1,Public Administration,Minor,ITEP,2,3,Batch-1,4,Theory,4,0,1,5,Prof. Pankaj Verma,30,Basic Public,,Continuous Assessment (40%) + End-term (60%)
60,ITEPMI23NIB1,Neuroscience II,Minor,ITEP,2,3,Batch-1,2,Theory,2,0,0,2,Prof. Naveen Joshi,27,,,Project (50%) + Presentation (30%) + Viva (20%)
61,ITEPMI23PIB1,Psychology III,Minor,ITEP,2,3,Batch-1,4,Theory,4,0,1,5,Dr. Pushpa Jain,25,,,Mid-term (30%) + End-term (50%) + Assignment (20%)
62,ITEPMI23LSIB1,Library Science IV,Minor,ITEP,2,3,Batch-1,2,Theory,2,0,0,2,Prof. Sunil Bhatt,23,,,Practical (60%) + Theory (40%)
63,ITEPMI23ASVB1,Area Studies V,Minor,ITEP,2,3,Batch-1,2,Theory,2,0,0,2,Dr. Shweta Saxena,18,,,Project (50%) + Presentation (30%) + Viva (20%)
64,ITEPSK23CCB1,Content Creation,Skill-Based,ITEP,2,3,Batch-1,3,Practical,2,0,1,3,Prof. Anil Kumar,13,Basic Content,,Continuous Assessment (40%) + End-term (60%)
65,ITEPSK23CWIB1,Creative Writing II,Skill-Based,ITEP,2,3,Batch-1,2,Practical,1,0,1,2,Prof. Ramesh Verma,16,,,Project (50%) + Presentation (30%) + Viva (20%)
66,ITEPSK23CTIB1,Critical Thinking III,Skill-Based,ITEP,2,3,Batch-1,2,Practical,1,0,1,2,Dr. Nita Joshi,20,,,Mid-term (30%) + End-term (50%) + Assignment (20%)
67,ITEPSK23SLIB1,Sign Language IV,Skill-Based,ITEP,2,3,Batch-1,3,Practical,2,0,1,3,Prof. Sachin Patel,14,,,Mid-term (30%) + End-term (50%) + Assignment (20%)
68,ITEPSK23ESVB1,Entrepreneurship Skills V,Skill-Based,ITEP,2,3,Batch-1,2,Practical,1,0,1,2,Prof. Bhushan Patel,18,,,Continuous Assessment (40%) + End-term (60%)
69,ITEPAE23CSBB1,Cyber Security Basics,AEC,ITEP,2,3,Batch-1,2,Theory,2,0,0,2,Dr. Anita Kulkarni,18,,,Continuous Assessment (40%) + End-term (60%)
70,ITEPAE23HCIB1,Hindi Communication II,AEC,ITEP,2,3,Batch-1,2,Theory,2,0,0,2,Dr. Smita Joshi,13,,,Continuous Assessment (40%) + End-term (60%)
71,ITEPAE23AIIB1,Academic Integrity III,AEC,ITEP,2,3,Batch-1,2,Theory,2,0,0,2,Dr. Sudha Rani,18,,,Practical (60%) + Theory (40%)
72,ITEPAE23CSBB1,Cyber Security Basics IV,AEC,ITEP,2,3,Batch-1,3,Theory,3,0,1,4,Dr. Madhuri Patil,14,,,Practical (60%) + Theory (40%)
73,ITEPAE23ILVB1,Information Literacy V,AEC,ITEP,2,3,Batch-1,2,Theory,2,0,0,2,Prof. Sumit Agarwal,15,Basic Information,,Continuous Assessment (40%) + End-term (60%)
74,ITEPVA23CHB1,Cultural Heritage,VAC,ITEP,2,3,Batch-1,2,Theory,2,0,0,2,Dr. Shweta Saxena,16,Basic Cultural,,Practical (60%) + Theory (40%)
75,ITEPVA23HVIB1,Human Values II,VAC,ITEP,2,3,Batch-1,2,Theory,2,0,0,2,Dr. Manju Agarwal,17,Basic Human,,Continuous Assessment (40%) + End-term (60%)
76,ITEPVA23WMIB1,Waste Management III,VAC,ITEP,2,3,Batch-1,1,Theory,1,0,0,1,Prof. Bhushan Patel,17,,,Project (50%) + Presentation (30%) + Viva (20%)
77,ITEPVA23CAIB1,Climate Action IV,VAC,ITEP,2,3,Batch-1,1,Theory,1,0,0,1,Dr. Aditi Saxena,15,Basic Climate,,Practical (60%) + Theory (40%)
78,ITEPVA23TAAB1,Traditional Arts and Crafts V,VAC,ITEP,2,3,Batch-1,2,Theory,2,0,0,2,Dr. Sonal Mishra,16,Basic Traditional,,Mid-term (30%) + End-term (50%) + Assignment (20%)
79,ITEPMA24SOEB1,Sociology of Education,Major,ITEP,2,4,Batch-1,3,Theory,3,0,1,4,Dr. Sarita Singh,36,,,Continuous Assessment (40%) + End-term (60%)
80,ITEPMA24FOEB1,Foundations of Education II,Major,ITEP,2,4,Batch-1,3,Theory,3,0,1,4,Prof. Ashish Yadav,45,Basic Foundations,,Practical (60%) + Theory (40%)
81,ITEPMA24EPAB1,Educational Planning and Management III,Major,ITEP,2,4,Batch-1,5,Theory,5,0,1,6,Prof. Ashish Yadav,42,Basic Educational,,Project (50%) + Presentation (30%) + Viva (20%)
82,ITEPMA24AACB1,Adult and Continuing Education IV,Major,ITEP,2,4,Batch-1,5,Theory,5,0,1,6,Dr. Ritu Malhotra,43,,,Mid-term (30%) + End-term (50%) + Assignment (20%)
83,ITEPMA24EPAB1,Educational Planning and Management V,Major,ITEP,2,4,Batch-1,5,Theory,5,0,1,6,Prof. Ramesh Singh,36,Basic Educational,,Project (50%) + Presentation (30%) + Viva (20%)
84,ITEPMA24CMIB1,Classroom Management I,Major,ITEP,2,4,Batch-1,5,Theory,5,0,1,6,Prof. Rakesh Tiwari,46,Basic Classroom,,Project (50%) + Presentation (30%) + Viva (20%)
85,ITEPMI24PSB1,Peace Studies,Minor,ITEP,2,4,Batch-1,2,Theory,2,0,0,2,Dr. Kalpana Verma,25,,,Continuous Assessment (40%) + End-term (60%)
86,ITEPMI24CSIB1,Climate Studies II,Minor,ITEP,2,4,Batch-1,2,Theory,2,0,0,2,Dr. Sadhna Mishra,30,,,Continuous Assessment (40%) + End-term (60%)
87,ITEPMI24ISIB1,Information Science III,Minor,ITEP,2,4,Batch-1,4,Theory,4,0,1,5,Dr. Bharti Sharma,20,,,Continuous Assessment (40%) + End-term (60%)
88,ITEPMI24DSIB1,Disability Studies IV,Minor,ITEP,2,4,Batch-1,4,Theory,4,0,1,5,Prof. Ramesh Singh,18,,,Mid-term (30%) + End-term (50%) + Assignment (20%)
89,ITEPMI24HRVB1,Human Rights V,Minor,ITEP,2,4,Batch-1,4,Theory,4,0,1,5,Dr. Kalpana Verma,25,,,Continuous Assessment (40%) + End-term (60%)
90,ITEPSK24PSB1,Presentation Skills,Skill-Based,ITEP,2,4,Batch-1,2,Practical,1,0,1,2,Prof. Yogesh Kumar,15,,,Practical (60%) + Theory (40%)
91,ITEPSK24TACB1,Teamwork and Collaboration II,Skill-Based,ITEP,2,4,Batch-1,3,Practical,2,0,1,3,Dr. Preeti Jain,13,,,Continuous Assessment (40%) + End-term (60%)
92,ITEPSK24PMIB1,Project Management III,Skill-Based,ITEP,2,4,Batch-1,2,Practical,1,0,1,2,Prof. Tarun Kumar,15,,,Continuous Assessment (40%) + End-term (60%)
93,ITEPSK24CCIB1,Content Creation IV,Skill-Based,ITEP,2,4,Batch-1,2,Practical,1,0,1,2,Dr. Seema Chandra,12,Basic Content,,Practical (60%) + Theory (40%)
94,ITEPSK24LSVB1,Leadership Skills V,Skill-Based,ITEP,2,4,Batch-1,3,Practical,2,0,1,3,Prof. Hemant Jha,14,,,Continuous Assessment (40%) + End-term (60%)
95,ITEPAE24DLB1,Digital Literacy,AEC,ITEP,2,4,Batch-1,2,Theory,2,0,0,2,Dr. Lata Sharma,14,,,Practical (60%) + Theory (40%)
96,ITEPAE24HAWB1,Health and Wellness II,AEC,ITEP,2,4,Batch-1,2,Theory,2,0,0,2,Prof. Anil Kumar,12,,,Continuous Assessment (40%) + End-term (60%)
97,ITEPAE24MTIB1,Mathematical Thinking III,AEC,ITEP,2,4,Batch-1,3,Theory,3,0,1,4,Dr. Manju Agarwal,20,,,Continuous Assessment (40%) + End-term (60%)
98,ITEPAE24RLIB1,Regional Language IV,AEC,ITEP,2,4,Batch-1,3,Theory,3,0,1,4,Prof. Manish Agrawal,16,,,Project (50%) + Presentation (30%) + Viva (20%)
99,ITEPAE24RLVB1,Regional Language V,AEC,ITEP,2,4,Batch-1,3,Theory,3,0,1,4,Prof. Arjun Nair,19,,,Practical (60%) + Theory (40%)
100,ITEPVA24WMB1,Waste Management,VAC,ITEP,2,4,Batch-1,1,Theory,1,0,0,1,Dr. Sunita Verma,12,,,Mid-term (30%) + End-term (50%) + Assignment (20%)
101,ITEPVA24YAMB1,Yoga and Meditation II,VAC,ITEP,2,4,Batch-1,1,Theory,1,0,0,1,Dr. Archana Singh,18,,,Practical (60%) + Theory (40%)
102,ITEPVA24REIB1,Renewable Energy III,VAC,ITEP,2,4,Batch-1,2,Theory,2,0,0,2,Dr. Lata Sharma,18,,,Practical (60%) + Theory (40%)
103,ITEPVA24FMAB1,Folk Music and Dance IV,VAC,ITEP,2,4,Batch-1,2,Theory,2,0,0,2,Prof. Sachin Patel,16,,,Project (50%) + Presentation (30%) + Viva (20%)
104,ITEPVA24SLVB1,Sustainable Living V,VAC,ITEP,2,4,Batch-1,2,Theory,2,0,0,2,Dr. Neha Bansal,16,,,Mid-term (30%) + End-term (50%) + Assignment (20%)
105,ITEPMA35FOEB1,Foundations of Education,Major,ITEP,3,5,Batch-1,4,Theory,4,0,1,5,Dr. Sharda Gupta,29,,,Mid-term (30%) + End-term (50%) + Assignment (20%)
106,ITEPMA35CDAB1,Child Development and Learning II,Major,ITEP,3,5,Batch-1,4,Theory,4,0,1,5,Prof. Subhash Goel,36,Basic Child,,Practical (60%) + Theory (40%)
107,ITEPMA35CDAB1,Child Development and Learning III,Major,ITEP,3,5,Batch-1,4,Theory,4,0,1,5,Dr. Sarita Bhardwaj,25,,,Mid-term (30%) + End-term (50%) + Assignment (20%)
108,ITEPMA35AACB1,Adult and Continuing Education IV,Major,ITEP,3,5,Batch-1,4,Theory,4,0,1,5,Prof. Rohit Mehta,35,Basic Adult,,Continuous Assessment (40%) + End-term (60%)
109,ITEPMA35GAEB1,Gender and Education V,Major,ITEP,3,5,Batch-1,4,Theory,4,0,1,5,Dr. Sharda Gupta,44,,,Project (50%) + Presentation (30%) + Viva (20%)
110,ITEPMA35GACB1,Guidance and Counselling I,Major,ITEP,3,5,Batch-1,4,Theory,4,0,1,5,Prof. Nitin Bhatia,37,,,Continuous Assessment (40%) + End-term (60%)
111,ITEPMI35PSB1,Peace Studies,Minor,ITEP,3,5,Batch-1,2,Theory,2,0,0,2,Dr. Pooja Agarwal,17,Basic Peace,,Mid-term (30%) + End-term (50%) + Assignment (20%)
112,ITEPMI35CSIB1,Cognitive Science II,Minor,ITEP,3,5,Batch-1,4,Theory,4,0,1,5,Prof. Anil Patel,18,Basic Cognitive,,Mid-term (30%) + End-term (50%) + Assignment (20%)
113,ITEPMI35CSIB1,Climate Studies III,Minor,ITEP,3,5,Batch-1,4,Theory,4,0,1,5,Prof. Harish Chandra,19,,,Continuous Assessment (40%) + End-term (60%)
114,ITEPMI35ASIB1,Area Studies IV,Minor,ITEP,3,5,Batch-1,4,Theory,4,0,1,5,Dr. Preeti Jain,16,Basic Area,,Mid-term (30%) + End-term (50%) + Assignment (20%)
115,ITEPMI35CVB1,Criminology V,Minor,ITEP,3,5,Batch-1,3,Theory,3,0,1,4,Dr. Kalpana Verma,19,,,Project (50%) + Presentation (30%) + Viva (20%)
116,ITEPSK35TWB1,Technical Writing,Skill-Based,ITEP,3,5,Batch-1,2,Practical,1,0,1,2,Dr. Swati Kapoor,16,Basic Technical,,Mid-term (30%) + End-term (50%) + Assignment (20%)
117,ITEPSK35PSIB1,Problem Solving II,Skill-Based,ITEP,3,5,Batch-1,2,Practical,1,0,1,2,Dr. Anita Kulkarni,18,,,Practical (60%) + Theory (40%)
118,ITEPSK35SMIB1,Stress Management III,Skill-Based,ITEP,3,5,Batch-1,3,Practical,2,0,1,3,Prof. Brijesh Tiwari,12,,,Mid-term (30%) + End-term (50%) + Assignment (20%)
119,ITEPSK35LSIB1,Leadership Skills IV,Skill-Based,ITEP,3,5,Batch-1,2,Practical,1,0,1,2,Dr. Anjali Thakur,10,,,Continuous Assessment (40%) + End-term (60%)
120,ITEPSK35GDVB1,Graphic Design V,Skill-Based,ITEP,3,5,Batch-1,3,Practical,2,0,1,3,Dr. Divya Menon,14,Basic Graphic,,Mid-term (30%) + End-term (50%) + Assignment (20%)
121,ITEPAE35STB1,Scientific Temper,AEC,ITEP,3,5,Batch-1,2,Theory,2,0,0,2,Dr. Sarita Bhardwaj,14,Basic Scientific,,Project (50%) + Presentation (30%) + Viva (20%)
122,ITEPAE35ASIB1,Analytical Skills II,AEC,ITEP,3,5,Batch-1,2,Theory,2,0,0,2,Dr. Vidya Sagar,11,Basic Analytical,,Mid-term (30%) + End-term (50%) + Assignment (20%)
123,ITEPAE35AIIB1,Academic Integrity III,AEC,ITEP,3,5,Batch-1,3,Theory,3,0,1,4,Dr. Sushma Goyal,11,,,Continuous Assessment (40%) + End-term (60%)
124,ITEPAE35DPAB1,Data Privacy and Ethics IV,AEC,ITEP,3,5,Batch-1,3,Theory,3,0,1,4,Prof. Santosh Kumar,17,,,Continuous Assessment (40%) + End-term (60%)
125,ITEPAE35HCVB1,Hindi Communication V,AEC,ITEP,3,5,Batch-1,3,Theory,3,0,1,4,Prof. Mahesh Singh,16,,,Project (50%) + Presentation (30%) + Viva (20%)
126,ITEPVA35WMB1,Waste Management,VAC,ITEP,3,5,Batch-1,1,Theory,1,0,0,1,Dr. Sudha Singh,13,Basic Waste,,Mid-term (30%) + End-term (50%) + Assignment (20%)
127,ITEPVA35FMAB1,Folk Music and Dance II,VAC,ITEP,3,5,Batch-1,1,Theory,1,0,0,1,Prof. Rakesh Gupta,12,,,Continuous Assessment (40%) + End-term (60%)
128,ITEPVA35WMIB1,Waste Management III,VAC,ITEP,3,5,Batch-1,2,Theory,2,0,0,2,Dr. Kavita Bhatt,12,,,Practical (60%) + Theory (40%)
129,ITEPVA35FMAB1,Folk Music and Dance IV,VAC,ITEP,3,5,Batch-1,2,Theory,2,0,0,2,Prof. Mukesh Agarwal,14,Basic Folk,,Practical (60%) + Theory (40%)
130,ITEPVA35IKSB1,Indian Knowledge Systems V,VAC,ITEP,3,5,Batch-1,2,Theory,2,0,0,2,Dr. Sonal Mishra,12,Basic Indian,,Mid-term (30%) + End-term (50%) + Assignment (20%)
131,ITEPMA36ETB1,Educational Technology,Major,ITEP,3,6,Batch-1,4,Theory,4,0,1,5,Prof. Kiran Desai,34,Basic Educational,,Continuous Assessment (40%) + End-term (60%)
132,ITEPMA36PEIB1,Peace Education II,Major,ITEP,3,6,Batch-1,3,Theory,3,0,1,4,Prof. Ramesh Verma,40,,,Continuous Assessment (40%) + End-term (60%)
133,ITEPMA36TDIB1,Teacher Development III,Major,ITEP,3,6,Batch-1,3,Theory,3,0,1,4,Dr. Geeta Sharma,45,,,Project (50%) + Presentation (30%) + Viva (20%)
134,ITEPMA36ARIB1,Action Research IV,Major,ITEP,3,6,Batch-1,5,Theory,5,0,1,6,Dr. Rashmi Sinha,29,Basic Action,,Practical (60%) + Theory (40%)
135,ITEPMA36DEVB1,Distance Education V,Major,ITEP,3,6,Batch-1,3,Theory,3,0,1,4,Dr. Neha Bansal,28,,,Practical (60%) + Theory (40%)
136,ITEPMA36IEIB1,Inclusive Education I,Major,ITEP,3,6,Batch-1,3,Theory,3,0,1,4,Dr. Nidhi Goyal,41,,,Practical (60%) + Theory (40%)
137,ITEPMI36IRB1,International Relations,Minor,ITEP,3,6,Batch-1,4,Theory,4,0,1,5,Prof. Nitin Agarwal,19,,,Mid-term (30%) + End-term (50%) + Assignment (20%)
138,ITEPMI36LSIB1,Library Science II,Minor,ITEP,3,6,Batch-1,3,Theory,3,0,1,4,Prof. Praveen Kumar,20,,,Practical (60%) + Theory (40%)
139,ITEPMI36ASIB1,Area Studies III,Minor,ITEP,3,6,Batch-1,4,Theory,4,0,1,5,Dr. Preeti Jain,23,Basic Area,,Project (50%) + Presentation (30%) + Viva (20%)
140,ITEPMI36HRIB1,Human Rights IV,Minor,ITEP,3,6,Batch-1,4,Theory,4,0,1,5,Prof. Ramesh Verma,21,,,Mid-term (30%) + End-term (50%) + Assignment (20%)
141,ITEPMI36PAVB1,Public Administration V,Minor,ITEP,3,6,Batch-1,2,Theory,2,0,0,2,Prof. Sunil Bhatt,24,,,Mid-term (30%) + End-term (50%) + Assignment (20%)
142,ITEPSK36TWB1,Technical Writing,Skill-Based,ITEP,3,6,Batch-1,3,Practical,2,0,1,3,Dr. Seema Chandra,17,,,Practical (60%) + Theory (40%)
143,ITEPSK36TWIB1,Technical Writing II,Skill-Based,ITEP,3,6,Batch-1,3,Practical,2,0,1,3,Dr. Kavita Bhatt,17,,,Mid-term (30%) + End-term (50%) + Assignment (20%)
144,ITEPSK36CTIB1,Critical Thinking III,Skill-Based,ITEP,3,6,Batch-1,2,Practical,1,0,1,2,Prof. Vijay Prasad,14,,,Practical (60%) + Theory (40%)
145,ITEPSK36VASB1,Volunteering and Service Learning IV,Skill-Based,ITEP,3,6,Batch-1,3,Practical,2,0,1,3,Dr. Anita Kulkarni,16,,,Continuous Assessment (40%) + End-term (60%)
146,ITEPSK36GDVB1,Graphic Design V,Skill-Based,ITEP,3,6,Batch-1,2,Practical,1,0,1,2,Dr. Usha Rani,10,Basic Graphic,,Project (50%) + Presentation (30%) + Viva (20%)
147,ITEPAE36ESB1,Environmental Studies,AEC,ITEP,3,6,Batch-1,2,Theory,2,0,0,2,Dr. Divya Menon,17,,,Continuous Assessment (40%) + End-term (60%)
148,ITEPAE36RLIB1,Regional Language II,AEC,ITEP,3,6,Batch-1,3,Theory,3,0,1,4,Dr. Pooja Agarwal,10,,,Project (50%) + Presentation (30%) + Viva (20%)
149,ITEPAE36ASIB1,Analytical Skills III,AEC,ITEP,3,6,Batch-1,2,Theory,2,0,0,2,Dr. Urvashi Sharma,10,,,Project (50%) + Presentation (30%) + Viva (20%)
150,ITEPAE36HCIB1,Hindi Communication IV,AEC,ITEP,3,6,Batch-1,3,Theory,3,0,1,4,Prof. Ramesh Verma,11,Basic Hindi,,Project (50%) + Presentation (30%) + Viva (20%)
151,ITEPAE36REVB1,Research Ethics V,AEC,ITEP,3,6,Batch-1,3,Theory,3,0,1,4,Prof. Rakesh Gupta,11,,,Continuous Assessment (40%) + End-term (60%)
152,ITEPVA36YAMB1,Yoga and Meditation,VAC,ITEP,3,6,Batch-1,1,Theory,1,0,0,1,Dr. Pallavi Dixit,13,,,Continuous Assessment (40%) + End-term (60%)
153,ITEPVA36CAIB1,Climate Action II,VAC,ITEP,3,6,Batch-1,1,Theory,1,0,0,1,Prof. Vivek Gupta,13,,,Practical (60%) + Theory (40%)
154,ITEPVA36IKSB1,Indian Knowledge Systems III,VAC,ITEP,3,6,Batch-1,2,Theory,2,0,0,2,Dr. Mohit Bansal,14,,,Practical (60%) + Theory (40%)
155,ITEPVA36WCIB1,Water Conservation IV,VAC,ITEP,3,6,Batch-1,1,Theory,1,0,0,1,Prof. Sneha Jain,15,,,Continuous Assessment (40%) + End-term (60%)
156,ITEPVA36IKSB1,Indian Knowledge Systems V,VAC,ITEP,3,6,Batch-1,2,Theory,2,0,0,2,Prof. Naresh Chandra,14,,,Practical (60%) + Theory (40%)
157,ITEPMA47GEB1,Gifted Education,Major,ITEP,4,7,Batch-1,3,Theory,3,0,1,4,Dr. Sushma Goyal,33,Basic Gifted,,Mid-term (30%) + End-term (50%) + Assignment (20%)
158,ITEPMA47GAEB1,Gender and Education II,Major,ITEP,4,7,Batch-1,3,Theory,3,0,1,4,Prof. Gaurav Tiwari,28,,,Mid-term (30%) + End-term (50%) + Assignment (20%)
159,ITEPMA47DEIB1,Distance Education III,Major,ITEP,4,7,Batch-1,5,Theory,5,0,1,6,Dr. Seema Singh,22,,,Mid-term (30%) + End-term (50%) + Assignment (20%)
160,ITEPMA47CEIB1,Comparative Education IV,Major,ITEP,4,7,Batch-1,4,Theory,4,0,1,5,Prof. Deepak Gupta,24,,,Project (50%) + Presentation (30%) + Viva (20%)
161,ITEPMA47FOEB1,Foundations of Education V,Major,ITEP,4,7,Batch-1,3,Theory,3,0,1,4,Dr. Sunanda Jain,27,Basic Foundations,,Mid-term (30%) + End-term (50%) + Assignment (20%)
162,ITEPMA47LDIB1,Learning Disabilities I,Major,ITEP,4,7,Batch-1,3,Theory,3,0,1,4,Dr. Aditi Saxena,36,,,Practical (60%) + Theory (40%)
163,ITEPMI47PAB1,Public Administration,Minor,ITEP,4,7,Batch-1,4,Theory,4,0,1,5,Prof. Rakesh Tiwari,22,,,Project (50%) + Presentation (30%) + Viva (20%)
164,ITEPMI47DSIB1,Disability Studies II,Minor,ITEP,4,7,Batch-1,2,Theory,2,0,0,2,Dr. Shruti Iyer,15,,,Practical (60%) + Theory (40%)
165,ITEPMI47CIB1,Criminology III,Minor,ITEP,4,7,Batch-1,3,Theory,3,0,1,4,Prof. Nitin Agarwal,21,,,Project (50%) + Presentation (30%) + Viva (20%)
166,ITEPMI47PIB1,Psychology IV,Minor,ITEP,4,7,Batch-1,4,Theory,4,0,1,5,Prof. Vinod Sharma,14,,,Practical (60%) + Theory (40%)
167,ITEPMI47GSVB1,Gender Studies V,Minor,ITEP,4,7,Batch-1,4,Theory,4,0,1,5,Dr. Kiran Singh,12,,,Continuous Assessment (40%) + End-term (60%)
168,ITEPSK47CSB1,Communication Skills,Skill-Based,ITEP,4,7,Batch-1,3,Practical,2,0,1,3,Dr. Usha Rani,13,,,Practical (60%) + Theory (40%)
169,ITEPSK47SMMB1,Social Media Management II,Skill-Based,ITEP,4,7,Batch-1,3,Practical,2,0,1,3,Dr. Nisha Verma,13,,,Project (50%) + Presentation (30%) + Viva (20%)
170,ITEPSK47WDIB1,Web Development III,Skill-Based,ITEP,4,7,Batch-1,3,Practical,2,0,1,3,Dr. Seema Singh,12,,,Mid-term (30%) + End-term (50%) + Assignment (20%)
171,ITEPSK47DMIB1,Digital Marketing IV,Skill-Based,ITEP,4,7,Batch-1,2,Practical,1,0,1,2,Prof. Ashok Yadav,10,,,Mid-term (30%) + End-term (50%) + Assignment (20%)
172,ITEPSK47LSVB1,Leadership Skills V,Skill-Based,ITEP,4,7,Batch-1,3,Practical,2,0,1,3,Dr. Sunita Verma,13,,,Practical (60%) + Theory (40%)
173,ITEPAE47DPAB1,Data Privacy and Ethics,AEC,ITEP,4,7,Batch-1,2,Theory,2,0,0,2,Prof. Nitin Agarwal,8,,,Mid-term (30%) + End-term (50%) + Assignment (20%)
174,ITEPAE47IAWB1,Internet and Web Technologies II,AEC,ITEP,4,7,Batch-1,3,Theory,3,0,1,4,Dr. Nirmala Devi,14,,,Practical (60%) + Theory (40%)
175,ITEPAE47ILIB1,Information Literacy III,AEC,ITEP,4,7,Batch-1,2,Theory,2,0,0,2,Dr. Aditi Saxena,8,,,Continuous Assessment (40%) + End-term (60%)
176,ITEPAE47REIB1,Research Ethics IV,AEC,ITEP,4,7,Batch-1,3,Theory,3,0,1,4,Prof. Kiran Desai,13,Basic Research,,Practical (60%) + Theory (40%)
177,ITEPAE47ILVB1,Information Literacy V,AEC,ITEP,4,7,Batch-1,3,Theory,3,0,1,4,Dr. Anjali Thakur,12,,,Mid-term (30%) + End-term (50%) + Assignment (20%)
178,ITEPVA47TAAB1,Traditional Arts and Crafts,VAC,ITEP,4,7,Batch-1,2,Theory,2,0,0,2,Prof. Vinay Joshi,11,,,Continuous Assessment (40%) + End-term (60%)
179,ITEPVA47EAMB1,Ethics and Moral Values II,VAC,ITEP,4,7,Batch-1,2,Theory,2,0,0,2,Prof. Mukesh Yadav,11,,,Practical (60%) + Theory (40%)
180,ITEPVA47WMIB1,Waste Management III,VAC,ITEP,4,7,Batch-1,1,Theory,1,0,0,1,Prof. Vivek Gupta,8,Basic Waste,,Project (50%) + Presentation (30%) + Viva (20%)
181,ITEPVA47TAAB1,Traditional Arts and Crafts IV,VAC,ITEP,4,7,Batch-1,2,Theory,2,0,0,2,Prof. Pramod Mishra,8,,,Continuous Assessment (40%) + End-term (60%)
182,ITEPVA47SLVB1,Sustainable Living V,VAC,ITEP,4,7,Batch-1,2,Theory,2,0,0,2,Dr. Sunita Verma,9,Basic Sustainable,,Practical (60%) + Theory (40%)
183,ITEPMA48TDB1,Teacher Development,Major,ITEP,4,8,Batch-1,3,Theory,3,0,1,4,Prof. Vinod Sharma,33,,,Practical (60%) + Theory (40%)
184,ITEPMA48FOEB1,Foundations of Education II,Major,ITEP,4,8,Batch-1,3,Theory,3,0,1,4,Dr. Ravi Agarwal,27,Basic Foundations,,Practical (60%) + Theory (40%)
185,ITEPMA48CEIB1,Comparative Education III,Major,ITEP,4,8,Batch-1,4,Theory,4,0,1,5,Prof. Anuj Kumar,33,,,Project (50%) + Presentation (30%) + Viva (20%)
186,ITEPMA48AAEB1,Assessment and Evaluation IV,Major,ITEP,4,8,Batch-1,4,Theory,4,0,1,5,Dr. Manju Agarwal,25,,,Project (50%) + Presentation (30%) + Viva (20%)
187,ITEPMA48ARVB1,Action Research V,Major,ITEP,4,8,Batch-1,4,Theory,4,0,1,5,Prof. Rajesh Kumar,31,,,Mid-term (30%) + End-term (50%) + Assignment (20%)
188,ITEPMA48TDIB1,Teacher Development I,Major,ITEP,4,8,Batch-1,4,Theory,4,0,1,5,Dr. Deepika Rao,24,Basic Teacher,,Practical (60%) + Theory (40%)
189,ITEPMI48DSB1,Development Studies,Minor,ITEP,4,8,Batch-1,3,Theory,3,0,1,4,Dr. Pooja Agarwal,15,,,Practical (60%) + Theory (40%)
190,ITEPMI48CRIB1,Conflict Resolution II,Minor,ITEP,4,8,Batch-1,3,Theory,3,0,1,4,Dr. Nidhi Goyal,19,Basic Conflict,,Practical (60%) + Theory (40%)
191,ITEPMI48TSIB1,Translation Studies III,Minor,ITEP,4,8,Batch-1,4,Theory,4,0,1,5,Dr. Divya Menon,18,Basic Translation,,Practical (60%) + Theory (40%)
192,ITEPMI48IRIB1,International Relations IV,Minor,ITEP,4,8,Batch-1,2,Theory,2,0,0,2,Prof. Pramod Mishra,12,,,Continuous Assessment (40%) + End-term (60%)
193,ITEPMI48BEVB1,Behavioral Economics V,Minor,ITEP,4,8,Batch-1,4,Theory,4,0,1,5,Prof. Amit Singh,16,,,Project (50%) + Presentation (30%) + Viva (20%)
194,ITEPSK48PSB1,Presentation Skills,Skill-Based,ITEP,4,8,Batch-1,2,Practical,1,0,1,2,Prof. Ajit Gupta,14,,,Project (50%) + Presentation (30%) + Viva (20%)
195,ITEPSK48CCIB1,Content Creation II,Skill-Based,ITEP,4,8,Batch-1,2,Practical,1,0,1,2,Prof. Yogesh Kumar,10,,,Continuous Assessment (40%) + End-term (60%)
196,ITEPSK48ESIB1,Entrepreneurship Skills III,Skill-Based,ITEP,4,8,Batch-1,3,Practical,2,0,1,3,Prof. Ravi Krishnan,11,,,Practical (60%) + Theory (40%)
197,ITEPSK48FL(B1,Foreign Language (Spanish) IV,Skill-Based,ITEP,4,8,Batch-1,3,Practical,2,0,1,3,Dr. Rashmi Sinha,14,,,Continuous Assessment (40%) + End-term (60%)
198,ITEPSK48PVB1,Photography V,Skill-Based,ITEP,4,8,Batch-1,2,Practical,1,0,1,2,Dr. Nidhi Goyal,9,Basic Photography,,Mid-term (30%) + End-term (50%) + Assignment (20%)
199,ITEPAE48MTB1,Mathematical Thinking,AEC,ITEP,4,8,Batch-1,2,Theory,2,0,0,2,Prof. Santosh Kumar,13,,,Continuous Assessment (40%) + End-term (60%)
200,ITEPAE48RLIB1,Regional Language II,AEC,ITEP,4,8,Batch-1,2,Theory,2,0,0,2,Prof. Bhushan Patel,13,,,Continuous Assessment (40%) + End-term (60%)
201,ITEPAE48LSIB1,Life Skills III,AEC,ITEP,4,8,Batch-1,3,Theory,3,0,1,4,Prof. Yogesh Kumar,14,,,Practical (60%) + Theory (40%)
202,ITEPAE48HCIB1,Hindi Communication IV,AEC,ITEP,4,8,Batch-1,3,Theory,3,0,1,4,Dr. Anjali Thakur,11,,,Project (50%) + Presentation (30%) + Viva (20%)
203,ITEPAE48ASVB1,Analytical Skills V,AEC,ITEP,4,8,Batch-1,3,Theory,3,0,1,4,Prof. Subhash Goel,12,,,Continuous Assessment (40%) + End-term (60%)
204,ITEPVA48YAMB1,Yoga and Meditation,VAC,ITEP,4,8,Batch-1,1,Theory,1,0,0,1,Prof. Kiran Desai,12,,,Project (50%) + Presentation (30%) + Viva (20%)
205,ITEPVA48WMIB1,Waste Management II,VAC,ITEP,4,8,Batch-1,2,Theory,2,0,0,2,Prof. Nitin Bhatia,13,,,Project (50%) + Presentation (30%) + Viva (20%)
206,ITEPVA48WMIB1,Waste Management III,VAC,ITEP,4,8,Batch-1,2,Theory,2,0,0,2,Prof. Dinesh Kumar,11,,,Mid-term (30%) + End-term (50%) + Assignment (20%)
207,ITEPVA48EAMB1,Ethics and Moral Values IV,VAC,ITEP,4,8,Batch-1,1,Theory,1,0,0,1,Dr. Ritu Singh,12,,,Project (50%) + Presentation (30%) + Viva (20%)
208,ITEPVA48CDVB1,Community Development V,VAC,ITEP,4,8,Batch-1,2,Theory,2,0,0,2,Prof. Rakesh Gupta,15,Basic Community,,Mid-term (30%) + End-term (50%) + Assignment (20%)
209,ITEPMA11AAEB2,Assessment and Evaluation,Major,ITEP,1,1,Batch-2,3,Theory,3,0,1,4,Dr. Nidhi Goyal,36,,,Continuous Assessment (40%) + End-term (60%)
210,ITEPMA11EMIB2,Educational Measurement II,Major,ITEP,1,1,Batch-2,4,Theory,4,0,1,5,Prof. Nitin Bhatia,37,,,Project (50%) + Presentation (30%) + Viva (20%)
211,ITEPMA11ARIB2,Action Research III,Major,ITEP,1,1,Batch-2,4,Theory,4,0,1,5,Prof. Anil Kumar,52,,,Mid-term (30%) + End-term (50%) + Assignment (20%)
212,ITEPMA11ETIB2,Educational Technology IV,Major,ITEP,1,1,Batch-2,3,Theory,3,0,1,4,Prof. Subhash Patel,52,,,Project (50%) + Presentation (30%) + Viva (20%)
213,ITEPMA11CEVB2,Comparative Education V,Major,ITEP,1,1,Batch-2,4,Theory,4,0,1,5,Dr. Nidhi Goyal,48,,,Practical (60%) + Theory (40%)
214,ITEPMA11GACB2,Guidance and Counselling I,Major,ITEP,1,1,Batch-2,5,Theory,5,0,1,6,Prof. Vikram Patel,40,,,Continuous Assessment (40%) + End-term (60%)
215,ITEPMI11CSB2,Cognitive Science,Minor,ITEP,1,1,Batch-2,2,Theory,2,0,0,2,Prof. Varun Chopra,24,Basic Cognitive,,Practical (60%) + Theory (40%)
216,ITEPMI11CRIB2,Conflict Resolution II,Minor,ITEP,1,1,Batch-2,4,Theory,4,0,1,5,Prof. Gaurav Tiwari,24,Basic Conflict,,Practical (60%) + Theory (40%)
217,ITEPMI11RDIB2,Rural Development III,Minor,ITEP,1,1,Batch-2,3,Theory,3,0,1,4,Dr. Sharda Gupta,32,,,Continuous Assessment (40%) + End-term (60%)
218,ITEPMI11CIB2,Criminology IV,Minor,ITEP,1,1,Batch-2,2,Theory,2,0,0,2,Dr. Shalini Gupta,31,,,Mid-term (30%) + End-term (50%) + Assignment (20%)
219,ITEPMI11TSVB2,Translation Studies V,Minor,ITEP,1,1,Batch-2,4,Theory,4,0,1,5,Dr. Bharti Sharma,30,,,Project (50%) + Presentation (30%) + Viva (20%)
220,ITEPSK11SLB2,Sign Language,Skill-Based,ITEP,1,1,Batch-2,3,Practical,2,0,1,3,Dr. Kiran Singh,20,,,Continuous Assessment (40%) + End-term (60%)
221,ITEPSK11SLIB2,Sign Language II,Skill-Based,ITEP,1,1,Batch-2,2,Practical,1,0,1,2,Dr. Sudha Rani,17,,,Continuous Assessment (40%) + End-term (60%)
222,ITEPSK11PMIB2,Project Management III,Skill-Based,ITEP,1,1,Batch-2,2,Practical,1,0,1,2,Prof. Deepak Gupta,14,,,Continuous Assessment (40%) + End-term (60%)
223,ITEPSK11CEIB2,Community Engagement IV,Skill-Based,ITEP,1,1,Batch-2,2,Practical,1,0,1,2,Dr. Priya Sharma,22,,,Project (50%) + Presentation (30%) + Viva (20%)
224,ITEPSK11CTVB2,Critical Thinking V,Skill-Based,ITEP,1,1,Batch-2,2,Practical,1,0,1,2,Prof. Priyanka Sharma,15,Basic Critical,,Project (50%) + Presentation (30%) + Viva (20%)
225,ITEPAE11LRB2,Logical Reasoning,AEC,ITEP,1,1,Batch-2,2,Theory,2,0,0,2,Dr. Sunita Verma,18,,,Project (50%) + Presentation (30%) + Viva (20%)
226,ITEPAE11ILIB2,Information Literacy II,AEC,ITEP,1,1,Batch-2,3,Theory,3,0,1,4,Dr. Meera Gupta,20,,,Practical (60%) + Theory (40%)
227,ITEPAE11MTIB2,Mathematical Thinking III,AEC,ITEP,1,1,Batch-2,2,Theory,2,0,0,2,Prof. Ramesh Verma,16,,,Project (50%) + Presentation (30%) + Viva (20%)
228,ITEPAE11HAWB2,Health and Wellness IV,AEC,ITEP,1,1,Batch-2,3,Theory,3,0,1,4,Prof. Vinod Sharma,19,,,Practical (60%) + Theory (40%)
229,ITEPAE11ASVB2,Analytical Skills V,AEC,ITEP,1,1,Batch-2,2,Theory,2,0,0,2,Dr. Gita Verma,14,Basic Analytical,,Continuous Assessment (40%) + End-term (60%)
230,ITEPVA11WCB2,Water Conservation,VAC,ITEP,1,1,Batch-2,1,Theory,1,0,0,1,Prof. Deepak Agarwal,16,Basic Water,,Continuous Assessment (40%) + End-term (60%)
231,ITEPVA11TAAB2,Traditional Arts and Crafts II,VAC,ITEP,1,1,Batch-2,1,Theory,1,0,0,1,Prof. Mahesh Singh,16,,,Practical (60%) + Theory (40%)
232,ITEPVA11SSAB2,Social Service and Outreach III,VAC,ITEP,1,1,Batch-2,1,Theory,1,0,0,1,Dr. Pallavi Dixit,14,Basic Social,,Continuous Assessment (40%) + End-term (60%)
233,ITEPVA11WCIB2,Water Conservation IV,VAC,ITEP,1,1,Batch-2,2,Theory,2,0,0,2,Prof. Nitin Bhatia,20,,,Mid-term (30%) + End-term (50%) + Assignment (20%)
234,ITEPVA11IPAB2,Indian Philosophy and Traditions V,VAC,ITEP,1,1,Batch-2,2,Theory,2,0,0,2,Dr. Kalpana Verma,14,,,Mid-term (30%) + End-term (50%) + Assignment (20%)
235,ITEPMA12CMB2,Classroom Management,Major,ITEP,1,2,Batch-2,5,Theory,5,0,1,6,Prof. Rohit Mehta,39,,,Mid-term (30%) + End-term (50%) + Assignment (20%)
236,ITEPMA12RMIB2,Research Methods in Education II,Major,ITEP,1,2,Batch-2,3,Theory,3,0,1,4,Prof. Amit Singh,35,,,Project (50%) + Presentation (30%) + Viva (20%)
237,ITEPMA12EMIB2,Educational Measurement III,Major,ITEP,1,2,Batch-2,3,Theory,3,0,1,4,Prof. Anil Kumar,39,Basic Educational,,Practical (60%) + Theory (40%)
238,ITEPMA12GEIB2,Gifted Education IV,Major,ITEP,1,2,Batch-2,3,Theory,3,0,1,4,Dr. Rina Sharma,45,Basic Gifted,,Continuous Assessment (40%) + End-term (60%)
239,ITEPMA12ELVB2,Educational Leadership V,Major,ITEP,1,2,Batch-2,3,Theory,3,0,1,4,Dr. Kiran Singh,55,,,Mid-term (30%) + End-term (50%) + Assignment (20%)
240,ITEPMA12GEIB2,Gifted Education I,Major,ITEP,1,2,Batch-2,3,Theory,3,0,1,4,Dr. Rashmi Sinha,52,,,Mid-term (30%) + End-term (50%) + Assignment (20%)
241,ITEPMI12UPB2,Urban Planning,Minor,ITEP,1,2,Batch-2,3,Theory,3,0,1,4,Dr. Pallavi Dixit,21,,,Mid-term (30%) + End-term (50%) + Assignment (20%)
242,ITEPMI12LSIB2,Library Science II,Minor,ITEP,1,2,Batch-2,3,Theory,3,0,1,4,Dr. Kalpana Verma,23,,,Project (50%) + Presentation (30%) + Viva (20%)
243,ITEPMI12LSIB2,Library Science III,Minor,ITEP,1,2,Batch-2,4,Theory,4,0,1,5,Dr. Kalpana Verma,22,Basic Library,,Continuous Assessment (40%) + End-term (60%)
244,ITEPMI12PAIB2,Public Administration IV,Minor,ITEP,1,2,Batch-2,2,Theory,2,0,0,2,Dr. Rashmi Sinha,26,,,Mid-term (30%) + End-term (50%) + Assignment (20%)
245,ITEPMI12DSVB2,Disability Studies V,Minor,ITEP,1,2,Batch-2,3,Theory,3,0,1,4,Dr. Nidhi Goyal,27,,,Mid-term (30%) + End-term (50%) + Assignment (20%)
246,ITEPSK12PB2,Photography,Skill-Based,ITEP,1,2,Batch-2,2,Practical,1,0,1,2,Prof. Yogesh Kumar,20,,,Continuous Assessment (40%) + End-term (60%)
247,ITEPSK12PSIB2,Presentation Skills II,Skill-Based,ITEP,1,2,Batch-2,2,Practical,1,0,1,2,Prof. Sumit Agarwal,21,,,Project (50%) + Presentation (30%) + Viva (20%)
248,ITEPSK12MADB2,Mobile App Development III,Skill-Based,ITEP,1,2,Batch-2,3,Practical,2,0,1,3,Prof. Mohan Gupta,18,,,Mid-term (30%) + End-term (50%) + Assignment (20%)
249,ITEPSK12ITIB2,ICT Tools in Education IV,Skill-Based,ITEP,1,2,Batch-2,2,Lab,1,2,0,3,Prof. Santosh Kumar,18,,,Practical (60%) + Theory (40%)
250,ITEPSK12RMVB2,Research Methods V,Skill-Based,ITEP,1,2,Batch-2,3,Practical,2,0,1,3,Prof. Suresh Pandey,15,Basic Research,,Project (50%) + Presentation (30%) + Viva (20%)
251,ITEPAE12DLB2,Digital Literacy,AEC,ITEP,1,2,Batch-2,2,Theory,2,0,0,2,Dr. Alka Shukla,15,,,Practical (60%) + Theory (40%)
252,ITEPAE12ASIB2,Analytical Skills II,AEC,ITEP,1,2,Batch-2,3,Theory,3,0,1,4,Dr. Sudha Singh,19,Basic Analytical,,Practical (60%) + Theory (40%)
253,ITEPAE12LRIB2,Logical Reasoning III,AEC,ITEP,1,2,Batch-2,2,Theory,2,0,0,2,Dr. Nirmala Devi,18,Basic Logical,,Practical (60%) + Theory (40%)
254,ITEPAE12AIIB2,Academic Integrity IV,AEC,ITEP,1,2,Batch-2,3,Theory,3,0,1,4,Dr. Lakshmi Narayan,18,,,Practical (60%) + Theory (40%)
255,ITEPAE12REVB2,Research Ethics V,AEC,ITEP,1,2,Batch-2,2,Theory,2,0,0,2,Dr. Preeti Jain,16,,,Mid-term (30%) + End-term (50%) + Assignment (20%)
256,ITEPVA12SSAB2,Social Service and Outreach,VAC,ITEP,1,2,Batch-2,1,Theory,1,0,0,1,Dr. Sadhna Mishra,20,Basic Social,,Continuous Assessment (40%) + End-term (60%)
257,ITEPVA12IPAB2,Indian Philosophy and Traditions II,VAC,ITEP,1,2,Batch-2,1,Theory,1,0,0,1,Prof. Rakesh Tiwari,18,,,Project (50%) + Presentation (30%) + Viva (20%)
258,ITEPVA12WCIB2,Water Conservation III,VAC,ITEP,1,2,Batch-2,1,Theory,1,0,0,1,Prof. Subhash Patel,16,,,Continuous Assessment (40%) + End-term (60%)
259,ITEPVA12YAMB2,Yoga and Meditation IV,VAC,ITEP,1,2,Batch-2,1,Theory,1,0,0,1,Dr. Nidhi Goyal,15,Basic Yoga,,Mid-term (30%) + End-term (50%) + Assignment (20%)
260,ITEPVA12OFVB2,Organic Farming V,VAC,ITEP,1,2,Batch-2,2,Theory,2,0,0,2,Prof. Kiran Desai,15,,,Practical (60%) + Theory (40%)
261,ITEPMA23GEB2,Gifted Education,Major,ITEP,2,3,Batch-2,5,Theory,5,0,1,6,Dr. Shalini Gupta,30,,,Project (50%) + Presentation (30%) + Viva (20%)
262,ITEPMA23ETIB2,Educational Technology II,Major,ITEP,2,3,Batch-2,3,Theory,3,0,1,4,Dr. Nirmala Devi,32,,,Practical (60%) + Theory (40%)
263,ITEPMA23ETIB2,Educational Technology III,Major,ITEP,2,3,Batch-2,3,Theory,3,0,1,4,Dr. Sarita Singh,34,,,Practical (60%) + Theory (40%)
264,ITEPMA23GACB2,Guidance and Counselling IV,Major,ITEP,2,3,Batch-2,5,Theory,5,0,1,6,Dr. Bindu Agrawal,44,,,Project (50%) + Presentation (30%) + Viva (20%)
265,ITEPMA23AAEB2,Assessment and Evaluation V,Major,ITEP,2,3,Batch-2,3,Theory,3,0,1,4,Prof. Varun Chopra,50,,,Continuous Assessment (40%) + End-term (60%)
266,ITEPMA23CDAB2,Child Development and Learning I,Major,ITEP,2,3,Batch-2,3,Theory,3,0,1,4,Dr. Sunita Verma,42,Basic Child,,Practical (60%) + Theory (40%)
267,ITEPMI23RDB2,Rural Development,Minor,ITEP,2,3,Batch-2,4,Theory,4,0,1,5,Dr. Mohit Bansal,28,,,Continuous Assessment (40%) + End-term (60%)
268,ITEPMI23ORIB2,Operations Research II,Minor,ITEP,2,3,Batch-2,2,Theory,2,0,0,2,Prof. Deepak Gupta,19,Basic Operations,,Continuous Assessment (40%) + End-term (60%)
269,ITEPMI23DSIB2,Development Studies III,Minor,ITEP,2,3,Batch-2,2,Theory,2,0,0,2,Dr. Sharda Gupta,29,,,Continuous Assessment (40%) + End-term (60%)
270,ITEPMI23GTIB2,Game Theory IV,Minor,ITEP,2,3,Batch-2,2,Theory,2,0,0,2,Prof. Gaurav Tiwari,26,Basic Game,,Project (50%) + Presentation (30%) + Viva (20%)
271,ITEPMI23HRVB2,Human Rights V,Minor,ITEP,2,3,Batch-2,4,Theory,4,0,1,5,Prof. Nitin Agarwal,25,,,Mid-term (30%) + End-term (50%) + Assignment (20%)
272,ITEPSK23TMB2,Time Management,Skill-Based,ITEP,2,3,Batch-2,3,Practical,2,0,1,3,Prof. Naresh Chandra,15,,,Mid-term (30%) + End-term (50%) + Assignment (20%)
273,ITEPSK23DMIB2,Digital Marketing II,Skill-Based,ITEP,2,3,Batch-2,3,Practical,2,0,1,3,Prof. Dinesh Kumar,12,,,Project (50%) + Presentation (30%) + Viva (20%)
274,ITEPSK23FL(B2,Foreign Language (French) III,Skill-Based,ITEP,2,3,Batch-2,2,Practical,1,0,1,2,Dr. Anita Kulkarni,14,,,Project (50%) + Presentation (30%) + Viva (20%)
275,ITEPSK23FL(B2,Foreign Language (Spanish) IV,Skill-Based,ITEP,2,3,Batch-2,2,Practical,1,0,1,2,Dr. Pooja Agarwal,14,,,Mid-term (30%) + End-term (50%) + Assignment (20%)
276,ITEPSK23CWVB2,Creative Writing V,Skill-Based,ITEP,2,3,Batch-2,3,Practical,2,0,1,3,Prof. Rohit Mehta,12,,,Mid-term (30%) + End-term (50%) + Assignment (20%)
277,ITEPAE23STB2,Scientific Temper,AEC,ITEP,2,3,Batch-2,2,Theory,2,0,0,2,Prof. Vivek Gupta,15,Basic Scientific,,Continuous Assessment (40%) + End-term (60%)
278,ITEPAE23LRIB2,Logical Reasoning II,AEC,ITEP,2,3,Batch-2,3,Theory,3,0,1,4,Prof. Vivek Gupta,13,,,Project (50%) + Presentation (30%) + Viva (20%)
279,ITEPAE23IAWB2,Internet and Web Technologies III,AEC,ITEP,2,3,Batch-2,2,Theory,2,0,0,2,Dr. Rekha Devi,12,Basic Internet,,Practical (60%) + Theory (40%)
280,ITEPAE23HCIB2,Hindi Communication IV,AEC,ITEP,2,3,Batch-2,3,Theory,3,0,1,4,Prof. Ramesh Singh,13,Basic Hindi,,Mid-term (30%) + End-term (50%) + Assignment (20%)
281,ITEPAE23RLVB2,Regional Language V,AEC,ITEP,2,3,Batch-2,2,Theory,2,0,0,2,Prof. Mukesh Yadav,20,,,Continuous Assessment (40%) + End-term (60%)
282,ITEPVA23REB2,Renewable Energy,VAC,ITEP,2,3,Batch-2,2,Theory,2,0,0,2,Dr. Pushpa Jain,13,,,Project (50%) + Presentation (30%) + Viva (20%)
283,ITEPVA23AAWB2,Ayurveda and Wellness II,VAC,ITEP,2,3,Batch-2,2,Theory,2,0,0,2,Dr. Deepika Rao,16,,,Continuous Assessment (40%) + End-term (60%)
284,ITEPVA23IKSB2,Indian Knowledge Systems III,VAC,ITEP,2,3,Batch-2,1,Theory,1,0,0,1,Prof. Mohan Gupta,13,,,Continuous Assessment (40%) + End-term (60%)
285,ITEPVA23TAAB2,Traditional Arts and Crafts IV,VAC,ITEP,2,3,Batch-2,1,Theory,1,0,0,1,Prof. Mohan Gupta,13,Basic Traditional,,Project (50%) + Presentation (30%) + Viva (20%)
286,ITEPVA23HVVB2,Human Values V,VAC,ITEP,2,3,Batch-2,2,Theory,2,0,0,2,Prof. Ramesh Singh,12,,,Project (50%) + Presentation (30%) + Viva (20%)
287,ITEPMA24CEB2,Comparative Education,Major,ITEP,2,4,Batch-2,3,Theory,3,0,1,4,Dr. Ritu Malhotra,35,Basic Comparative,,Project (50%) + Presentation (30%) + Viva (20%)
288,ITEPMA24ESIB2,Educational Statistics II,Major,ITEP,2,4,Batch-2,4,Theory,4,0,1,5,Prof. Ramesh Verma,50,,,Mid-term (30%) + End-term (50%) + Assignment (20%)
289,ITEPMA24PEIB2,Peace Education III,Major,ITEP,2,4,Batch-2,4,Theory,4,0,1,5,Dr. Deepika Rao,41,,,Practical (60%) + Theory (40%)
290,ITEPMA24GACB2,Guidance and Counselling IV,Major,ITEP,2,4,Batch-2,5,Theory,5,0,1,6,Prof. Ajay Dubey,44,,,Project (50%) + Presentation (30%) + Viva (20%)
291,ITEPMA24CEVB2,Comparative Education V,Major,ITEP,2,4,Batch-2,3,Theory,3,0,1,4,Prof. Manoj Verma,46,Basic Comparative,,Project (50%) + Presentation (30%) + Viva (20%)
292,ITEPMA24DEIB2,Distance Education I,Major,ITEP,2,4,Batch-2,3,Theory,3,0,1,4,Dr. Neha Bansal,37,,,Continuous Assessment (40%) + End-term (60%)
293,ITEPMI24PAB2,Public Administration,Minor,ITEP,2,4,Batch-2,3,Theory,3,0,1,4,Dr. Sunanda Jain,21,Basic Public,,Mid-term (30%) + End-term (50%) + Assignment (20%)
294,ITEPMI24LSIB2,Library Science II,Minor,ITEP,2,4,Batch-2,3,Theory,3,0,1,4,Dr. Kusum Gupta,19,,,Practical (60%) + Theory (40%)
295,ITEPMI24SDIB2,Sustainable Development III,Minor,ITEP,2,4,Batch-2,4,Theory,4,0,1,5,Prof. Anil Patel,19,,,Continuous Assessment (40%) + End-term (60%)
296,ITEPMI24DSIB2,Development Studies IV,Minor,ITEP,2,4,Batch-2,2,Theory,2,0,0,2,Prof. Tarun Kumar,25,,,Practical (60%) + Theory (40%)
297,ITEPMI24NVB2,Neuroscience V,Minor,ITEP,2,4,Batch-2,2,Theory,2,0,0,2,Prof. Naveen Joshi,24,Basic Neuroscience,,Continuous Assessment (40%) + End-term (60%)
298,ITEPSK24TWB2,Technical Writing,Skill-Based,ITEP,2,4,Batch-2,2,Practical,1,0,1,2,Prof. Raman Patel,17,,,Continuous Assessment (40%) + End-term (60%)
299,ITEPSK24TWIB2,Technical Writing II,Skill-Based,ITEP,2,4,Batch-2,2,Practical,1,0,1,2,Dr. Archana Singh,16,,,Practical (60%) + Theory (40%)
300,ITEPSK24PSIB2,Public Speaking III,Skill-Based,ITEP,2,4,Batch-2,3,Practical,2,0,1,3,Dr. Vandana Singh,18,,,Mid-term (30%) + End-term (50%) + Assignment (20%)
301,ITEPSK24FL(B2,Foreign Language (Japanese) IV,Skill-Based,ITEP,2,4,Batch-2,2,Practical,1,0,1,2,Dr. Urvashi Sharma,15,,,Continuous Assessment (40%) + End-term (60%)
302,ITEPSK24WDVB2,Web Development V,Skill-Based,ITEP,2,4,Batch-2,2,Practical,1,0,1,2,Prof. Suresh Pandey,15,Basic Web,,Mid-term (30%) + End-term (50%) + Assignment (20%)
303,ITEPAE24STB2,Scientific Temper,AEC,ITEP,2,4,Batch-2,3,Theory,3,0,1,4,Prof. Subhash Patel,18,,,Project (50%) + Presentation (30%) + Viva (20%)
304,ITEPAE24ILIB2,Information Literacy II,AEC,ITEP,2,4,Batch-2,2,Theory,2,0,0,2,Prof. Ashok Yadav,17,,,Project (50%) + Presentation (30%) + Viva (20%)
305,ITEPAE24ILIB2,Information Literacy III,AEC,ITEP,2,4,Batch-2,2,Theory,2,0,0,2,Prof. Rakesh Tiwari,17,Basic Information,,Practical (60%) + Theory (40%)
306,ITEPAE24AIIB2,Academic Integrity IV,AEC,ITEP,2,4,Batch-2,2,Theory,2,0,0,2,Prof. Ajit Gupta,16,Basic Academic,,Mid-term (30%) + End-term (50%) + Assignment (20%)
307,ITEPAE24AIVB2,Academic Integrity V,AEC,ITEP,2,4,Batch-2,2,Theory,2,0,0,2,Prof. Gaurav Tiwari,19,,,Project (50%) + Presentation (30%) + Viva (20%)
308,ITEPVA24FMAB2,Folk Music and Dance,VAC,ITEP,2,4,Batch-2,1,Theory,1,0,0,1,Dr. Rekha Devi,17,,,Practical (60%) + Theory (40%)
309,ITEPVA24FMAB2,Folk Music and Dance II,VAC,ITEP,2,4,Batch-2,1,Theory,1,0,0,1,Dr. Seema Singh,15,,,Practical (60%) + Theory (40%)
310,ITEPVA24CVIB2,Constitutional Values III,VAC,ITEP,2,4,Batch-2,2,Theory,2,0,0,2,Dr. Seema Chandra,12,,,Continuous Assessment (40%) + End-term (60%)
311,ITEPVA24OFIB2,Organic Farming IV,VAC,ITEP,2,4,Batch-2,1,Theory,1,0,0,1,Dr. Sunanda Jain,14,,,Continuous Assessment (40%) + End-term (60%)
312,ITEPVA24SSAB2,Social Service and Outreach V,VAC,ITEP,2,4,Batch-2,1,Theory,1,0,0,1,Dr. Rekha Singh,16,,,Project (50%) + Presentation (30%) + Viva (20%)
313,ITEPMA35POEB2,Philosophy of Education,Major,ITEP,3,5,Batch-2,5,Theory,5,0,1,6,Prof. Sunil Bhatt,40,Basic Philosophy,,Practical (60%) + Theory (40%)
314,ITEPMA35GACB2,Guidance and Counselling II,Major,ITEP,3,5,Batch-2,4,Theory,4,0,1,5,Dr. Jyoti Sharma,42,Basic Guidance,,Project (50%) + Presentation (30%) + Viva (20%)
315,ITEPMA35AAEB2,Assessment and Evaluation III,Major,ITEP,3,5,Batch-2,3,Theory,3,0,1,4,Prof. Sanjay Kumar,38,,,Continuous Assessment (40%) + End-term (60%)
316,ITEPMA35EEIB2,Environmental Education IV,Major,ITEP,3,5,Batch-2,5,Theory,5,0,1,6,Prof. Ramesh Singh,42,Basic Environmental,,Practical (60%) + Theory (40%)
317,ITEPMA35POEB2,Philosophy of Education V,Major,ITEP,3,5,Batch-2,5,Theory,5,0,1,6,Prof. Ajit Gupta,45,,,Mid-term (30%) + End-term (50%) + Assignment (20%)
318,ITEPMA35CAPB2,Curriculum and Pedagogy I,Major,ITEP,3,5,Batch-2,3,Theory,3,0,1,4,Dr. Preeti Jain,45,,,Practical (60%) + Theory (40%)
319,ITEPMI35PAB2,Public Administration,Minor,ITEP,3,5,Batch-2,3,Theory,3,0,1,4,Prof. Nitin Bhatia,27,Basic Public,,Mid-term (30%) + End-term (50%) + Assignment (20%)
320,ITEPMI35CRIB2,Conflict Resolution II,Minor,ITEP,3,5,Batch-2,3,Theory,3,0,1,4,Prof. Subhash Patel,18,,,Practical (60%) + Theory (40%)
321,ITEPMI35RDIB2,Rural Development III,Minor,ITEP,3,5,Batch-2,3,Theory,3,0,1,4,Prof. Ravi Krishnan,18,Basic Rural,,Mid-term (30%) + End-term (50%) + Assignment (20%)
322,ITEPMI35BEIB2,Behavioral Economics IV,Minor,ITEP,3,5,Batch-2,3,Theory,3,0,1,4,Prof. Manoj Verma,27,Basic Behavioral,,Mid-term (30%) + End-term (50%) + Assignment (20%)
323,ITEPMI35BEVB2,Behavioral Economics V,Minor,ITEP,3,5,Batch-2,2,Theory,2,0,0,2,Dr. Sonal Mishra,19,,,Project (50%) + Presentation (30%) + Viva (20%)
324,ITEPSK35CSB2,Communication Skills,Skill-Based,ITEP,3,5,Batch-2,2,Practical,1,0,1,2,Prof. Rajesh Kumar,15,,,Mid-term (30%) + End-term (50%) + Assignment (20%)
325,ITEPSK35DAIB2,Data Analytics II,Skill-Based,ITEP,3,5,Batch-2,2,Practical,1,0,1,2,Prof. Ashish Yadav,16,,,Project (50%) + Presentation (30%) + Viva (20%)
326,ITEPSK35FL(B2,Foreign Language (French) III,Skill-Based,ITEP,3,5,Batch-2,3,Practical,2,0,1,3,Prof. Harish Chandra,16,Basic Foreign,,Continuous Assessment (40%) + End-term (60%)
327,ITEPSK35EIIB2,Emotional Intelligence IV,Skill-Based,ITEP,3,5,Batch-2,2,Practical,1,0,1,2,Prof. Yogesh Kumar,11,Basic Emotional,,Continuous Assessment (40%) + End-term (60%)
328,ITEPSK35EIVB2,Emotional Intelligence V,Skill-Based,ITEP,3,5,Batch-2,3,Practical,2,0,1,3,Dr. Shalini Gupta,15,,,Mid-term (30%) + End-term (50%) + Assignment (20%)
329,ITEPAE35DLB2,Digital Literacy,AEC,ITEP,3,5,Batch-2,2,Theory,2,0,0,2,Dr. Madhavi Sharma,18,,,Continuous Assessment (40%) + End-term (60%)
330,ITEPAE35LRIB2,Logical Reasoning II,AEC,ITEP,3,5,Batch-2,2,Theory,2,0,0,2,Prof. Ashok Yadav,10,,,Practical (60%) + Theory (40%)
331,ITEPAE35ECIB2,English Communication III,AEC,ITEP,3,5,Batch-2,2,Theory,2,0,0,2,Prof. Arjun Nair,17,,,Practical (60%) + Theory (40%)
332,ITEPAE35ECIB2,English Communication IV,AEC,ITEP,3,5,Batch-2,2,Theory,2,0,0,2,Dr. Bharti Sharma,18,,,Continuous Assessment (40%) + End-term (60%)
333,ITEPAE35LSVB2,Life Skills V,AEC,ITEP,3,5,Batch-2,2,Theory,2,0,0,2,Dr. Kavita Bhatt,12,,,Practical (60%) + Theory (40%)
334,ITEPVA35CHB2,Cultural Heritage,VAC,ITEP,3,5,Batch-2,1,Theory,1,0,0,1,Dr. Nisha Verma,10,,,Mid-term (30%) + End-term (50%) + Assignment (20%)
335,ITEPVA35IPAB2,Indian Philosophy and Traditions II,VAC,ITEP,3,5,Batch-2,1,Theory,1,0,0,1,Prof. Sanjay Kumar,17,,,Mid-term (30%) + End-term (50%) + Assignment (20%)
336,ITEPVA35CVIB2,Constitutional Values III,VAC,ITEP,3,5,Batch-2,2,Theory,2,0,0,2,Prof. Priyanka Sharma,12,,,Mid-term (30%) + End-term (50%) + Assignment (20%)
337,ITEPVA35WMIB2,Waste Management IV,VAC,ITEP,3,5,Batch-2,2,Theory,2,0,0,2,Prof. Rakesh Gupta,14,,,Practical (60%) + Theory (40%)
338,ITEPVA35EAMB2,Ethics and Moral Values V,VAC,ITEP,3,5,Batch-2,2,Theory,2,0,0,2,Dr. Ritu Malhotra,16,,,Continuous Assessment (40%) + End-term (60%)
339,ITEPMA36DEB2,Distance Education,Major,ITEP,3,6,Batch-2,4,Theory,4,0,1,5,Dr. Sunanda Jain,35,Basic Distance,,Continuous Assessment (40%) + End-term (60%)
340,ITEPMA36IEIB2,Inclusive Education II,Major,ITEP,3,6,Batch-2,4,Theory,4,0,1,5,Dr. Sunita Verma,30,,,Mid-term (30%) + End-term (50%) + Assignment (20%)
341,ITEPMA36SOEB2,Sociology of Education III,Major,ITEP,3,6,Batch-2,4,Theory,4,0,1,5,Prof. Vinay Joshi,44,,,Continuous Assessment (40%) + End-term (60%)
342,ITEPMA36CDAB2,Child Development and Learning IV,Major,ITEP,3,6,Batch-2,5,Theory,5,0,1,6,Prof. Sneha Jain,28,,,Mid-term (30%) + End-term (50%) + Assignment (20%)
343,ITEPMA36EEVB2,Environmental Education V,Major,ITEP,3,6,Batch-2,3,Theory,3,0,1,4,Prof. Vinod Sharma,31,,,Mid-term (30%) + End-term (50%) + Assignment (20%)
344,ITEPMA36TDIB2,Teacher Development I,Major,ITEP,3,6,Batch-2,3,Theory,3,0,1,4,Prof. Pankaj Verma,29,,,Mid-term (30%) + End-term (50%) + Assignment (20%)
345,ITEPMI36DSB2,Development Studies,Minor,ITEP,3,6,Batch-2,4,Theory,4,0,1,5,Dr. Divya Menon,19,,,Practical (60%) + Theory (40%)
346,ITEPMI36SWIB2,Social Work II,Minor,ITEP,3,6,Batch-2,2,Theory,2,0,0,2,Prof. Rakesh Tiwari,25,,,Practical (60%) + Theory (40%)
347,ITEPMI36DSIB2,Development Studies III,Minor,ITEP,3,6,Batch-2,3,Theory,3,0,1,4,Prof. Ajit Gupta,24,Basic Development,,Continuous Assessment (40%) + End-term (60%)
348,ITEPMI36ISIB2,Information Science IV,Minor,ITEP,3,6,Batch-2,2,Theory,2,0,0,2,Dr. Geeta Sharma,19,Basic Information,,Mid-term (30%) + End-term (50%) + Assignment (20%)
349,ITEPMI36GSVB2,Gender Studies V,Minor,ITEP,3,6,Batch-2,4,Theory,4,0,1,5,Prof. Mahesh Singh,18,,,Practical (60%) + Theory (40%)
350,ITEPSK36PSB2,Presentation Skills,Skill-Based,ITEP,3,6,Batch-2,3,Practical,2,0,1,3,Dr. Urvashi Sharma,17,,,Project (50%) + Presentation (30%) + Viva (20%)
351,ITEPSK36MADB2,Mobile App Development II,Skill-Based,ITEP,3,6,Batch-2,3,Practical,2,0,1,3,Prof. Yogesh Kumar,12,,,Project (50%) + Presentation (30%) + Viva (20%)
352,ITEPSK36DMIB2,Digital Marketing III,Skill-Based,ITEP,3,6,Batch-2,3,Practical,2,0,1,3,Dr. Madhuri Patil,10,,,Practical (60%) + Theory (40%)
353,ITEPSK36LSIB2,Leadership Skills IV,Skill-Based,ITEP,3,6,Batch-2,3,Practical,2,0,1,3,Prof. Tarun Kumar,10,,,Continuous Assessment (40%) + End-term (60%)
354,ITEPSK36CTVB2,Critical Thinking V,Skill-Based,ITEP,3,6,Batch-2,3,Practical,2,0,1,3,Prof. Vijay Prasad,14,,,Mid-term (30%) + End-term (50%) + Assignment (20%)
355,ITEPAE36HAWB2,Health and Wellness,AEC,ITEP,3,6,Batch-2,3,Theory,3,0,1,4,Prof. Ashish Yadav,11,,,Mid-term (30%) + End-term (50%) + Assignment (20%)
356,ITEPAE36ECIB2,English Communication II,AEC,ITEP,3,6,Batch-2,3,Theory,3,0,1,4,Dr. Sunita Verma,14,,,Practical (60%) + Theory (40%)
357,ITEPAE36LRIB2,Logical Reasoning III,AEC,ITEP,3,6,Batch-2,2,Theory,2,0,0,2,Dr. Anita Kulkarni,14,,,Continuous Assessment (40%) + End-term (60%)
358,ITEPAE36REIB2,Research Ethics IV,AEC,ITEP,3,6,Batch-2,2,Theory,2,0,0,2,Dr. Rashmi Sinha,16,,,Mid-term (30%) + End-term (50%) + Assignment (20%)
359,ITEPAE36IAWB2,Internet and Web Technologies V,AEC,ITEP,3,6,Batch-2,3,Theory,3,0,1,4,Prof. Naveen Joshi,14,,,Continuous Assessment (40%) + End-term (60%)
360,ITEPVA36YAMB2,Yoga and Meditation,VAC,ITEP,3,6,Batch-2,2,Theory,2,0,0,2,Prof. Mohan Gupta,10,,,Practical (60%) + Theory (40%)
361,ITEPVA36IPAB2,Indian Philosophy and Traditions II,VAC,ITEP,3,6,Batch-2,1,Theory,1,0,0,1,Prof. Lalit Singh,12,,,Practical (60%) + Theory (40%)
362,ITEPVA36CDIB2,Community Development III,VAC,ITEP,3,6,Batch-2,1,Theory,1,0,0,1,Dr. Sonal Mishra,10,,,Practical (60%) + Theory (40%)
363,ITEPVA36TAAB2,Traditional Arts and Crafts IV,VAC,ITEP,3,6,Batch-2,1,Theory,1,0,0,1,Prof. Nitin Agarwal,10,,,Project (50%) + Presentation (30%) + Viva (20%)
364,ITEPVA36EAMB2,Ethics and Moral Values V,VAC,ITEP,3,6,Batch-2,1,Theory,1,0,0,1,Dr. Sarita Singh,11,Basic Ethics,,Project (50%) + Presentation (30%) + Viva (20%)
365,ITEPMA47RMIB2,Research Methods in Education,Major,ITEP,4,7,Batch-2,4,Theory,4,0,1,5,Dr. Suman Devi,32,,,Project (50%) + Presentation (30%) + Viva (20%)
366,ITEPMA47ESIB2,Educational Statistics II,Major,ITEP,4,7,Batch-2,5,Theory,5,0,1,6,Dr. Shruti Iyer,32,,,Practical (60%) + Theory (40%)
367,ITEPMA47ESIB2,Educational Statistics III,Major,ITEP,4,7,Batch-2,5,Theory,5,0,1,6,Prof. Sunil Bhatt,31,,,Mid-term (30%) + End-term (50%) + Assignment (20%)
368,ITEPMA47ELIB2,Educational Leadership IV,Major,ITEP,4,7,Batch-2,3,Theory,3,0,1,4,Dr. Sunita Verma,24,,,Project (50%) + Presentation (30%) + Viva (20%)
369,ITEPMA47EMVB2,Educational Measurement V,Major,ITEP,4,7,Batch-2,5,Theory,5,0,1,6,Prof. Ajit Gupta,27,,,Mid-term (30%) + End-term (50%) + Assignment (20%)
370,ITEPMA47TDIB2,Teacher Development I,Major,ITEP,4,7,Batch-2,5,Theory,5,0,1,6,Dr. Rekha Singh,37,,,Mid-term (30%) + End-term (50%) + Assignment (20%)
371,ITEPMI47ISB2,Information Science,Minor,ITEP,4,7,Batch-2,2,Theory,2,0,0,2,Dr. Anjali Thakur,12,,,Mid-term (30%) + End-term (50%) + Assignment (20%)
372,ITEPMI47ISIB2,Information Science II,Minor,ITEP,4,7,Batch-2,3,Theory,3,0,1,4,Prof. Bhushan Patel,16,,,Continuous Assessment (40%) + End-term (60%)
373,ITEPMI47GSIB2,Gender Studies III,Minor,ITEP,4,7,Batch-2,3,Theory,3,0,1,4,Dr. Nidhi Goyal,14,,,Continuous Assessment (40%) + End-term (60%)
374,ITEPMI47ASIB2,Area Studies IV,Minor,ITEP,4,7,Batch-2,4,Theory,4,0,1,5,Prof. Manoj Verma,24,Basic Area,,Mid-term (30%) + End-term (50%) + Assignment (20%)
375,ITEPMI47UPVB2,Urban Planning V,Minor,ITEP,4,7,Batch-2,4,Theory,4,0,1,5,Prof. Harish Chandra,22,Basic Urban,,Practical (60%) + Theory (40%)
376,ITEPSK47PMB2,Project Management,Skill-Based,ITEP,4,7,Batch-2,3,Practical,2,0,1,3,Prof. Vinay Joshi,10,,,Project (50%) + Presentation (30%) + Viva (20%)
377,ITEPSK47LSIB2,Leadership Skills II,Skill-Based,ITEP,4,7,Batch-2,2,Practical,1,0,1,2,Dr. Jyoti Sharma,14,,,Continuous Assessment (40%) + End-term (60%)
378,ITEPSK47DMIB2,Digital Marketing III,Skill-Based,ITEP,4,7,Batch-2,2,Practical,1,0,1,2,Dr. Sudha Singh,8,,,Mid-term (30%) + End-term (50%) + Assignment (20%)
379,ITEPSK47FL(B2,Foreign Language (Japanese) IV,Skill-Based,ITEP,4,7,Batch-2,3,Practical,2,0,1,3,Dr. Kalpana Verma,10,Basic Foreign,,Mid-term (30%) + End-term (50%) + Assignment (20%)
380,ITEPSK47PSVB2,Problem Solving V,Skill-Based,ITEP,4,7,Batch-2,2,Practical,1,0,1,2,Dr. Sushma Goyal,11,Basic Problem,,Continuous Assessment (40%) + End-term (60%)
381,ITEPAE47REB2,Research Ethics,AEC,ITEP,4,7,Batch-2,2,Theory,2,0,0,2,Prof. Ajay Dubey,10,,,Practical (60%) + Theory (40%)
382,ITEPAE47CSBB2,Cyber Security Basics II,AEC,ITEP,4,7,Batch-2,2,Theory,2,0,0,2,Dr. Sharda Gupta,10,,,Project (50%) + Presentation (30%) + Viva (20%)
383,ITEPAE47IAWB2,Internet and Web Technologies III,AEC,ITEP,4,7,Batch-2,2,Theory,2,0,0,2,Dr. Rina Sharma,15,,,Continuous Assessment (40%) + End-term (60%)
384,ITEPAE47CSBB2,Cyber Security Basics IV,AEC,ITEP,4,7,Batch-2,2,Theory,2,0,0,2,Dr. Anjali Thakur,10,,,Practical (60%) + Theory (40%)
385,ITEPAE47ILVB2,Information Literacy V,AEC,ITEP,4,7,Batch-2,3,Theory,3,0,1,4,Prof. Arjun Nair,14,Basic Information,,Project (50%) + Presentation (30%) + Viva (20%)
386,ITEPVA47CHB2,Cultural Heritage,VAC,ITEP,4,7,Batch-2,1,Theory,1,0,0,1,Prof. Manish Agrawal,12,Basic Cultural,,Continuous Assessment (40%) + End-term (60%)
387,ITEPVA47CVIB2,Constitutional Values II,VAC,ITEP,4,7,Batch-2,2,Theory,2,0,0,2,Dr. Vandana Singh,14,,,Mid-term (30%) + End-term (50%) + Assignment (20%)
388,ITEPVA47WCIB2,Water Conservation III,VAC,ITEP,4,7,Batch-2,2,Theory,2,0,0,2,Dr. Rekha Singh,9,,,Practical (60%) + Theory (40%)
389,ITEPVA47OFIB2,Organic Farming IV,VAC,ITEP,4,7,Batch-2,1,Theory,1,0,0,1,Prof. Arun Kumar,10,Basic Organic,,Continuous Assessment (40%) + End-term (60%)
390,ITEPVA47CHVB2,Cultural Heritage V,VAC,ITEP,4,7,Batch-2,2,Theory,2,0,0,2,Dr. Vandana Singh,9,,,Continuous Assessment (40%) + End-term (60%)
391,ITEPMA48AAEB2,Assessment and Evaluation,Major,ITEP,4,8,Batch-2,3,Theory,3,0,1,4,Prof. Ravi Krishnan,21,,,Project (50%) + Presentation (30%) + Viva (20%)
392,ITEPMA48ELIB2,Educational Leadership II,Major,ITEP,4,8,Batch-2,3,Theory,3,0,1,4,Prof. Nitin Bhatia,28,,,Practical (60%) + Theory (40%)
393,ITEPMA48EPAB2,Educational Planning and Management III,Major,ITEP,4,8,Batch-2,4,Theory,4,0,1,5,Prof. Nitin Bhatia,27,,,Practical (60%) + Theory (40%)
394,ITEPMA48TDIB2,Teacher Development IV,Major,ITEP,4,8,Batch-2,3,Theory,3,0,1,4,Dr. Smita Joshi,31,,,Project (50%) + Presentation (30%) + Viva (20%)
395,ITEPMA48ARVB2,Action Research V,Major,ITEP,4,8,Batch-2,3,Theory,3,0,1,4,Dr. Seema Chandra,25,Basic Action,,Project (50%) + Presentation (30%) + Viva (20%)
396,ITEPMA48EMIB2,Educational Measurement I,Major,ITEP,4,8,Batch-2,3,Theory,3,0,1,4,Prof. Hemant Jha,30,,,Continuous Assessment (40%) + End-term (60%)
397,ITEPMI48CB2,Criminology,Minor,ITEP,4,8,Batch-2,3,Theory,3,0,1,4,Dr. Bharti Sharma,14,,,Practical (60%) + Theory (40%)
398,ITEPMI48ORIB2,Operations Research II,Minor,ITEP,4,8,Batch-2,3,Theory,3,0,1,4,Prof. Vikram Patel,15,,,Mid-term (30%) + End-term (50%) + Assignment (20%)
399,ITEPMI48CIB2,Criminology III,Minor,ITEP,4,8,Batch-2,4,Theory,4,0,1,5,Dr. Sunita Verma,23,,,Practical (60%) + Theory (40%)
400,ITEPMI48GSIB2,Gender Studies IV,Minor,ITEP,4,8,Batch-2,2,Theory,2,0,0,2,Prof. Praveen Kumar,16,Basic Gender,,Mid-term (30%) + End-term (50%) + Assignment (20%)
401,ITEPMI48DHVB2,Digital Humanities V,Minor,ITEP,4,8,Batch-2,2,Theory,2,0,0,2,Dr. Manisha Chandra,16,,,Continuous Assessment (40%) + End-term (60%)
402,ITEPSK48MADB2,Mobile App Development,Skill-Based,ITEP,4,8,Batch-2,2,Practical,1,0,1,2,Prof. Sumit Agarwal,12,Basic Mobile,,Practical (60%) + Theory (40%)
403,ITEPSK48IACB2,Innovation and Creativity II,Skill-Based,ITEP,4,8,Batch-2,3,Practical,2,0,1,3,Dr. Lata Sharma,11,,,Practical (60%) + Theory (40%)
404,ITEPSK48ITIB2,ICT Tools in Education III,Skill-Based,ITEP,4,8,Batch-2,3,Lab,2,2,0,4,Prof. Sumit Agarwal,12,Basic ICT,,Mid-term (30%) + End-term (50%) + Assignment (20%)
405,ITEPSK48PMIB2,Project Management IV,Skill-Based,ITEP,4,8,Batch-2,2,Practical,1,0,1,2,Prof. Santosh Kumar,13,,,Continuous Assessment (40%) + End-term (60%)
406,ITEPSK48IACB2,Innovation and Creativity V,Skill-Based,ITEP,4,8,Batch-2,3,Practical,2,0,1,3,Prof. Arjun Nair,10,Basic Innovation,,Project (50%) + Presentation (30%) + Viva (20%)
407,ITEPAE48HAWB2,Health and Wellness,AEC,ITEP,4,8,Batch-2,2,Theory,2,0,0,2,Prof. Naresh Chandra,12,,,Project (50%) + Presentation (30%) + Viva (20%)
408,ITEPAE48AIIB2,Academic Integrity II,AEC,ITEP,4,8,Batch-2,3,Theory,3,0,1,4,Dr. Aditi Saxena,11,,,Project (50%) + Presentation (30%) + Viva (20%)
409,ITEPAE48CFIB2,Computer Fundamentals III,AEC,ITEP,4,8,Batch-2,3,Lab,2,2,0,4,Dr. Nisha Verma,11,,,Mid-term (30%) + End-term (50%) + Assignment (20%)
410,ITEPAE48REIB2,Research Ethics IV,AEC,ITEP,4,8,Batch-2,3,Theory,3,0,1,4,Prof. Sunil Bhatt,13,Basic Research,,Project (50%) + Presentation (30%) + Viva (20%)
411,ITEPAE48STVB2,Scientific Temper V,AEC,ITEP,4,8,Batch-2,2,Theory,2,0,0,2,Dr. Sunita Verma,14,,,Practical (60%) + Theory (40%)
412,ITEPVA48CVB2,Constitutional Values,VAC,ITEP,4,8,Batch-2,2,Theory,2,0,0,2,Prof. Ramesh Singh,11,Basic Constitutional,,Project (50%) + Presentation (30%) + Viva (20%)
413,ITEPVA48IKSB2,Indian Knowledge Systems II,VAC,ITEP,4,8,Batch-2,2,Theory,2,0,0,2,Prof. Amit Singh,13,,,Continuous Assessment (40%) + End-term (60%)
414,ITEPVA48TAAB2,Traditional Arts and Crafts III,VAC,ITEP,4,8,Batch-2,1,Theory,1,0,0,1,Prof. Kiran Desai,14,,,Mid-term (30%) + End-term (50%) + Assignment (20%)
415,ITEPVA48OFIB2,Organic Farming IV,VAC,ITEP,4,8,Batch-2,2,Theory,2,0,0,2,Dr. Priya Sharma,8,,,Continuous Assessment (40%) + End-term (60%)
416,ITEPVA48AAWB2,Ayurveda and Wellness V,VAC,ITEP,4,8,Batch-2,2,Theory,2,0,0,2,Prof. Vinod Sharma,8,,,Continuous Assessment (40%) + End-term (60%)
417,ITEPMA11ARB3,Action Research,Major,ITEP,1,1,Batch-3,3,Theory,3,0,1,4,Dr. Vandana Singh,53,,,Project (50%) + Presentation (30%) + Viva (20%)
418,ITEPMA11ELIB3,Educational Leadership II,Major,ITEP,1,1,Batch-3,3,Theory,3,0,1,4,Prof. Mukesh Agarwal,46,,,Practical (60%) + Theory (40%)
419,ITEPMA11GACB3,Guidance and Counselling III,Major,ITEP,1,1,Batch-3,4,Theory,4,0,1,5,Prof. Nitin Bhatia,43,,,Project (50%) + Presentation (30%) + Viva (20%)
420,ITEPMA11IEIB3,Inclusive Education IV,Major,ITEP,1,1,Batch-3,5,Theory,5,0,1,6,Prof. Ajit Gupta,45,,,Continuous Assessment (40%) + End-term (60%)
421,ITEPMA11RMIB3,Research Methods in Education V,Major,ITEP,1,1,Batch-3,3,Theory,3,0,1,4,Dr. Nita Joshi,52,,,Project (50%) + Presentation (30%) + Viva (20%)
422,ITEPMA11POEB3,Philosophy of Education I,Major,ITEP,1,1,Batch-3,3,Theory,3,0,1,4,Dr. Kavita Bhatt,53,Basic Philosophy,,Continuous Assessment (40%) + End-term (60%)
423,ITEPMI11GTB3,Game Theory,Minor,ITEP,1,1,Batch-3,3,Theory,3,0,1,4,Dr. Seema Chandra,23,Basic Game,,Project (50%) + Presentation (30%) + Viva (20%)
424,ITEPMI11UPIB3,Urban Planning II,Minor,ITEP,1,1,Batch-3,4,Theory,4,0,1,5,Prof. Vivek Gupta,29,,,Practical (60%) + Theory (40%)
425,ITEPMI11SDIB3,Sustainable Development III,Minor,ITEP,1,1,Batch-3,3,Theory,3,0,1,4,Prof. Manoj Verma,29,,,Mid-term (30%) + End-term (50%) + Assignment (20%)
426,ITEPMI11ASIB3,Area Studies IV,Minor,ITEP,1,1,Batch-3,3,Theory,3,0,1,4,Dr. Preeti Jain,23,,,Continuous Assessment (40%) + End-term (60%)
427,ITEPMI11GSVB3,Gender Studies V,Minor,ITEP,1,1,Batch-3,4,Theory,4,0,1,5,Prof. Ashish Yadav,23,,,Mid-term (30%) + End-term (50%) + Assignment (20%)
428,ITEPSK11EIB3,Emotional Intelligence,Skill-Based,ITEP,1,1,Batch-3,2,Practical,1,0,1,2,Prof. Nitin Agarwal,14,Basic Emotional,,Practical (60%) + Theory (40%)
429,ITEPSK11PSIB3,Public Speaking II,Skill-Based,ITEP,1,1,Batch-3,2,Practical,1,0,1,2,Dr. Neha Bansal,17,,,Project (50%) + Presentation (30%) + Viva (20%)
430,ITEPSK11MADB3,Mobile App Development III,Skill-Based,ITEP,1,1,Batch-3,3,Practical,2,0,1,3,Prof. Vinay Joshi,18,,,Mid-term (30%) + End-term (50%) + Assignment (20%)
431,ITEPSK11SMMB3,Social Media Management IV,Skill-Based,ITEP,1,1,Batch-3,2,Practical,1,0,1,2,Dr. Smita Joshi,20,,,Practical (60%) + Theory (40%)
432,ITEPSK11VPVB3,Video Production V,Skill-Based,ITEP,1,1,Batch-3,2,Practical,1,0,1,2,Prof. Vinod Sharma,17,,,Mid-term (30%) + End-term (50%) + Assignment (20%)
433,ITEPAE11DPAB3,Data Privacy and Ethics,AEC,ITEP,1,1,Batch-3,2,Theory,2,0,0,2,Prof. Ravi Krishnan,14,,,Continuous Assessment (40%) + End-term (60%)
434,ITEPAE11ESIB3,Environmental Studies II,AEC,ITEP,1,1,Batch-3,2,Theory,2,0,0,2,Prof. Subhash Goel,16,,,Practical (60%) + Theory (40%)
435,ITEPAE11ECIB3,English Communication III,AEC,ITEP,1,1,Batch-3,3,Theory,3,0,1,4,Dr. Madhavi Sharma,14,,,Project (50%) + Presentation (30%) + Viva (20%)
436,ITEPAE11CFIB3,Computer Fundamentals IV,AEC,ITEP,1,1,Batch-3,3,Lab,2,2,0,4,Prof. Vijay Prasad,16,,,Practical (60%) + Theory (40%)
437,ITEPAE11ESVB3,Environmental Studies V,AEC,ITEP,1,1,Batch-3,3,Theory,3,0,1,4,Prof. Santosh Kumar,22,,,Continuous Assessment (40%) + End-term (60%)
438,ITEPVA11CVB3,Constitutional Values,VAC,ITEP,1,1,Batch-3,1,Theory,1,0,0,1,Prof. Hemant Jha,20,,,Practical (60%) + Theory (40%)
439,ITEPVA11WMIB3,Waste Management II,VAC,ITEP,1,1,Batch-3,2,Theory,2,0,0,2,Dr. Manisha Chandra,15,Basic Waste,,Project (50%) + Presentation (30%) + Viva (20%)
440,ITEPVA11CHIB3,Cultural Heritage III,VAC,ITEP,1,1,Batch-3,2,Theory,2,0,0,2,Dr. Kalpana Verma,15,Basic Cultural,,Practical (60%) + Theory (40%)
441,ITEPVA11OFIB3,Organic Farming IV,VAC,ITEP,1,1,Batch-3,1,Theory,1,0,0,1,Prof. Arjun Nair,17,Basic Organic,,Mid-term (30%) + End-term (50%) + Assignment (20%)
442,ITEPVA11SLVB3,Sustainable Living V,VAC,ITEP,1,1,Batch-3,1,Theory,1,0,0,1,Prof. Sumit Agarwal,14,Basic Sustainable,,Mid-term (30%) + End-term (50%) + Assignment (20%)
443,ITEPMA12CEB3,Comparative Education,Major,ITEP,1,2,Batch-3,3,Theory,3,0,1,4,Prof. Anil Patel,49,,,Mid-term (30%) + End-term (50%) + Assignment (20%)
444,ITEPMA12IEIB3,Inclusive Education II,Major,ITEP,1,2,Batch-3,4,Theory,4,0,1,5,Prof. Rakesh Gupta,46,Basic Inclusive,,Mid-term (30%) + End-term (50%) + Assignment (20%)
445,ITEPMA12IEIB3,Inclusive Education III,Major,ITEP,1,2,Batch-3,5,Theory,5,0,1,6,Dr. Rekha Devi,46,,,Practical (60%) + Theory (40%)
446,ITEPMA12EMIB3,Educational Measurement IV,Major,ITEP,1,2,Batch-3,3,Theory,3,0,1,4,Prof. Raman Patel,44,Basic Educational,,Mid-term (30%) + End-term (50%) + Assignment (20%)
447,ITEPMA12GEVB3,Gifted Education V,Major,ITEP,1,2,Batch-3,5,Theory,5,0,1,6,Prof. Vinay Joshi,47,Basic Gifted,,Continuous Assessment (40%) + End-term (60%)
448,ITEPMA12PEIB3,Peace Education I,Major,ITEP,1,2,Batch-3,5,Theory,5,0,1,6,Dr. Mohit Bansal,39,,,Project (50%) + Presentation (30%) + Viva (20%)
449,ITEPMI12GSB3,Gender Studies,Minor,ITEP,1,2,Batch-3,4,Theory,4,0,1,5,Prof. Nitin Agarwal,22,,,Mid-term (30%) + End-term (50%) + Assignment (20%)
450,ITEPMI12DSIB3,Development Studies II,Minor,ITEP,1,2,Batch-3,2,Theory,2,0,0,2,Prof. Brijesh Tiwari,22,,,Practical (60%) + Theory (40%)
451,ITEPMI12CRIB3,Conflict Resolution III,Minor,ITEP,1,2,Batch-3,3,Theory,3,0,1,4,Dr. Alka Shukla,25,,,Mid-term (30%) + End-term (50%) + Assignment (20%)
452,ITEPMI12CIB3,Criminology IV,Minor,ITEP,1,2,Batch-3,4,Theory,4,0,1,5,Dr. Kalpana Verma,28,,,Mid-term (30%) + End-term (50%) + Assignment (20%)
453,ITEPMI12DSVB3,Disability Studies V,Minor,ITEP,1,2,Batch-3,3,Theory,3,0,1,4,Prof. Ravi Krishnan,21,,,Practical (60%) + Theory (40%)
454,ITEPSK12TMB3,Time Management,Skill-Based,ITEP,1,2,Batch-3,2,Practical,1,0,1,2,Dr. Aditi Saxena,18,,,Practical (60%) + Theory (40%)
455,ITEPSK12SMIB3,Stress Management II,Skill-Based,ITEP,1,2,Batch-3,2,Practical,1,0,1,2,Prof. Anil Kumar,16,,,Practical (60%) + Theory (40%)
456,ITEPSK12RMIB3,Research Methods III,Skill-Based,ITEP,1,2,Batch-3,3,Practical,2,0,1,3,Prof. Prakash Verma,16,,,Practical (60%) + Theory (40%)
457,ITEPSK12EMIB3,Event Management IV,Skill-Based,ITEP,1,2,Batch-3,2,Practical,1,0,1,2,Dr. Preeti Jain,21,,,Mid-term (30%) + End-term (50%) + Assignment (20%)
458,ITEPSK12FL(B3,Foreign Language (Japanese) V,Skill-Based,ITEP,1,2,Batch-3,2,Practical,1,0,1,2,Prof. Manoj Shukla,14,,,Practical (60%) + Theory (40%)
459,ITEPAE12AIB3,Academic Integrity,AEC,ITEP,1,2,Batch-3,2,Theory,2,0,0,2,Prof. Sachin Patel,16,Basic Academic,,Continuous Assessment (40%) + End-term (60%)
460,ITEPAE12HAWB3,Health and Wellness II,AEC,ITEP,1,2,Batch-3,3,Theory,3,0,1,4,Dr. Jyoti Sharma,18,,,Mid-term (30%) + End-term (50%) + Assignment (20%)
461,ITEPAE12CSBB3,Cyber Security Basics III,AEC,ITEP,1,2,Batch-3,3,Theory,3,0,1,4,Dr. Sunanda Jain,14,,,Continuous Assessment (40%) + End-term (60%)
462,ITEPAE12REIB3,Research Ethics IV,AEC,ITEP,1,2,Batch-3,3,Theory,3,0,1,4,Prof. Nitin Bhatia,15,Basic Research,,Continuous Assessment (40%) + End-term (60%)
463,ITEPAE12HCVB3,Hindi Communication V,AEC,ITEP,1,2,Batch-3,3,Theory,3,0,1,4,Prof. Vikram Patel,16,,,Project (50%) + Presentation (30%) + Viva (20%)
464,ITEPVA12SLB3,Sustainable Living,VAC,ITEP,1,2,Batch-3,2,Theory,2,0,0,2,Prof. Suresh Pandey,16,,,Mid-term (30%) + End-term (50%) + Assignment (20%)
465,ITEPVA12CAIB3,Climate Action II,VAC,ITEP,1,2,Batch-3,1,Theory,1,0,0,1,Prof. Mahesh Singh,18,,,Mid-term (30%) + End-term (50%) + Assignment (20%)
466,ITEPVA12WMIB3,Waste Management III,VAC,ITEP,1,2,Batch-3,2,Theory,2,0,0,2,Prof. Arjun Nair,14,,,Practical (60%) + Theory (40%)
467,ITEPVA12CHIB3,Cultural Heritage IV,VAC,ITEP,1,2,Batch-3,1,Theory,1,0,0,1,Prof. Dinesh Kumar,14,,,Continuous Assessment (40%) + End-term (60%)
468,ITEPVA12CAVB3,Climate Action V,VAC,ITEP,1,2,Batch-3,2,Theory,2,0,0,2,Prof. Varun Chopra,16,Basic Climate,,Mid-term (30%) + End-term (50%) + Assignment (20%)
469,ITEPMA23LDB3,Learning Disabilities,Major,ITEP,2,3,Batch-3,5,Theory,5,0,1,6,Prof. Sanjay Joshi,41,,,Practical (60%) + Theory (40%)
470,ITEPMA23GAEB3,Gender and Education II,Major,ITEP,2,3,Batch-3,5,Theory,5,0,1,6,Dr. Shweta Saxena,47,Basic Gender,,Continuous Assessment (40%) + End-term (60%)
471,ITEPMA23RMIB3,Research Methods in Education III,Major,ITEP,2,3,Batch-3,5,Theory,5,0,1,6,Dr. Deepika Rao,33,,,Practical (60%) + Theory (40%)
472,ITEPMA23CDAB3,Child Development and Learning IV,Major,ITEP,2,3,Batch-3,3,Theory,3,0,1,4,Prof. Rakesh Tiwari,43,Basic Child,,Project (50%) + Presentation (30%) + Viva (20%)
473,ITEPMA23LDVB3,Learning Disabilities V,Major,ITEP,2,3,Batch-3,3,Theory,3,0,1,4,Prof. Vikram Patel,31,,,Continuous Assessment (40%) + End-term (60%)
474,ITEPMA23EEIB3,Environmental Education I,Major,ITEP,2,3,Batch-3,5,Theory,5,0,1,6,Prof. Bhushan Patel,30,Basic Environmental,,Mid-term (30%) + End-term (50%) + Assignment (20%)
475,ITEPMI23GTB3,Game Theory,Minor,ITEP,2,3,Batch-3,3,Theory,3,0,1,4,Dr. Divya Menon,25,Basic Game,,Continuous Assessment (40%) + End-term (60%)
476,ITEPMI23PAIB3,Public Administration II,Minor,ITEP,2,3,Batch-3,3,Theory,3,0,1,4,Dr. Nidhi Goyal,29,,,Project (50%) + Presentation (30%) + Viva (20%)
477,ITEPMI23SWIB3,Social Work III,Minor,ITEP,2,3,Batch-3,3,Theory,3,0,1,4,Prof. Ajit Gupta,18,,,Continuous Assessment (40%) + End-term (60%)
478,ITEPMI23MSIB3,Media Studies IV,Minor,ITEP,2,3,Batch-3,4,Theory,4,0,1,5,Dr. Sunita Verma,22,Basic Media,,Mid-term (30%) + End-term (50%) + Assignment (20%)
479,ITEPMI23TSVB3,Translation Studies V,Minor,ITEP,2,3,Batch-3,2,Theory,2,0,0,2,Prof. Subhash Goel,18,,,Mid-term (30%) + End-term (50%) + Assignment (20%)
480,ITEPSK23VPB3,Video Production,Skill-Based,ITEP,2,3,Batch-3,3,Practical,2,0,1,3,Dr. Usha Rani,15,,,Project (50%) + Presentation (30%) + Viva (20%)
481,ITEPSK23IACB3,Innovation and Creativity II,Skill-Based,ITEP,2,3,Batch-3,2,Practical,1,0,1,2,Dr. Manisha Chandra,13,Basic Innovation,,Practical (60%) + Theory (40%)
482,ITEPSK23GDIB3,Graphic Design III,Skill-Based,ITEP,2,3,Batch-3,2,Practical,1,0,1,2,Prof. Gaurav Tiwari,15,,,Practical (60%) + Theory (40%)
483,ITEPSK23IACB3,Innovation and Creativity IV,Skill-Based,ITEP,2,3,Batch-3,2,Practical,1,0,1,2,Prof. Ramesh Verma,15,,,Project (50%) + Presentation (30%) + Viva (20%)
484,ITEPSK23ESVB3,Entrepreneurship Skills V,Skill-Based,ITEP,2,3,Batch-3,3,Practical,2,0,1,3,Prof. Naveen Joshi,18,,,Mid-term (30%) + End-term (50%) + Assignment (20%)
485,ITEPAE23ASB3,Analytical Skills,AEC,ITEP,2,3,Batch-3,3,Theory,3,0,1,4,Dr. Lata Sharma,15,,,Continuous Assessment (40%) + End-term (60%)
486,ITEPAE23DLIB3,Digital Literacy II,AEC,ITEP,2,3,Batch-3,2,Theory,2,0,0,2,Dr. Rina Sharma,18,,,Mid-term (30%) + End-term (50%) + Assignment (20%)
487,ITEPAE23ASIB3,Analytical Skills III,AEC,ITEP,2,3,Batch-3,2,Theory,2,0,0,2,Prof. Sanjay Joshi,14,Basic Analytical,,Practical (60%) + Theory (40%)
488,ITEPAE23ESIB3,Environmental Studies IV,AEC,ITEP,2,3,Batch-3,2,Theory,2,0,0,2,Prof. Mohan Gupta,12,,,Project (50%) + Presentation (30%) + Viva (20%)
489,ITEPAE23CFVB3,Computer Fundamentals V,AEC,ITEP,2,3,Batch-3,3,Lab,2,2,0,4,Prof. Manish Agrawal,12,,,Practical (60%) + Theory (40%)
490,ITEPVA23WMB3,Waste Management,VAC,ITEP,2,3,Batch-3,1,Theory,1,0,0,1,Prof. Bhushan Patel,16,Basic Waste,,Mid-term (30%) + End-term (50%) + Assignment (20%)
491,ITEPVA23CDIB3,Community Development II,VAC,ITEP,2,3,Batch-3,1,Theory,1,0,0,1,Prof. Bhushan Patel,14,Basic Community,,Mid-term (30%) + End-term (50%) + Assignment (20%)
492,ITEPVA23TAAB3,Traditional Arts and Crafts III,VAC,ITEP,2,3,Batch-3,1,Theory,1,0,0,1,Prof. Rakesh Tiwari,12,,,Project (50%) + Presentation (30%) + Viva (20%)
493,ITEPVA23SSAB3,Social Service and Outreach IV,VAC,ITEP,2,3,Batch-3,1,Theory,1,0,0,1,Prof. Sachin Patel,19,Basic Social,,Practical (60%) + Theory (40%)
494,ITEPVA23YAMB3,Yoga and Meditation V,VAC,ITEP,2,3,Batch-3,1,Theory,1,0,0,1,Prof. Rohit Singh,15,Basic Yoga,,Practical (60%) + Theory (40%)
495,ITEPMA24PEB3,Peace Education,Major,ITEP,2,4,Batch-3,5,Theory,5,0,1,6,Dr. Mohit Bansal,35,Basic Peace,,Practical (60%) + Theory (40%)
496,ITEPMA24ARIB3,Action Research II,Major,ITEP,2,4,Batch-3,3,Theory,3,0,1,4,Prof. Ajay Dubey,30,,,Project (50%) + Presentation (30%) + Viva (20%)
497,ITEPMA24CAPB3,Curriculum and Pedagogy III,Major,ITEP,2,4,Batch-3,3,Theory,3,0,1,4,Prof. Arun Kumar,40,Basic Curriculum,,Mid-term (30%) + End-term (50%) + Assignment (20%)
498,ITEPMA24GAEB3,Gender and Education IV,Major,ITEP,2,4,Batch-3,4,Theory,4,0,1,5,Dr. Sadhna Mishra,38,,,Mid-term (30%) + End-term (50%) + Assignment (20%)
499,ITEPMA24AAEB3,Assessment and Evaluation V,Major,ITEP,2,4,Batch-3,4,Theory,4,0,1,5,Dr. Alka Shukla,38,,,Practical (60%) + Theory (40%)
500,ITEPMA24SMAB3,School Management and Administration I,Major,ITEP,2,4,Batch-3,3,Theory,3,0,1,4,Dr. Manju Agarwal,30,Basic School,,Mid-term (30%) + End-term (50%) + Assignment (20%)
501,ITEPMI24BEB3,Behavioral Economics,Minor,ITEP,2,4,Batch-3,3,Theory,3,0,1,4,Prof. Mukesh Yadav,25,,,Mid-term (30%) + End-term (50%) + Assignment (20%)
502,ITEPMI24ISIB3,Information Science II,Minor,ITEP,2,4,Batch-3,4,Theory,4,0,1,5,Dr. Sushma Goyal,19,Basic Information,,Continuous Assessment (40%) + End-term (60%)
503,ITEPMI24ISIB3,Information Science III,Minor,ITEP,2,4,Batch-3,3,Theory,3,0,1,4,Dr. Mohit Bansal,27,,,Continuous Assessment (40%) + End-term (60%)
504,ITEPMI24HRIB3,Human Rights IV,Minor,ITEP,2,4,Batch-3,2,Theory,2,0,0,2,Prof. Santosh Kumar,29,,,Continuous Assessment (40%) + End-term (60%)
505,ITEPMI24PAVB3,Public Administration V,Minor,ITEP,2,4,Batch-3,4,Theory,4,0,1,5,Prof. Sanjay Joshi,21,Basic Public,,Project (50%) + Presentation (30%) + Viva (20%)
506,ITEPSK24CWB3,Creative Writing,Skill-Based,ITEP,2,4,Batch-3,2,Practical,1,0,1,2,Prof. Varun Chopra,15,,,Mid-term (30%) + End-term (50%) + Assignment (20%)
507,ITEPSK24IACB3,Innovation and Creativity II,Skill-Based,ITEP,2,4,Batch-3,2,Practical,1,0,1,2,Dr. Sudha Rani,16,,,Mid-term (30%) + End-term (50%) + Assignment (20%)
508,ITEPSK24SMMB3,Social Media Management III,Skill-Based,ITEP,2,4,Batch-3,3,Practical,2,0,1,3,Dr. Anjali Thakur,18,,,Continuous Assessment (40%) + End-term (60%)
509,ITEPSK24FL(B3,Foreign Language (Japanese) IV,Skill-Based,ITEP,2,4,Batch-3,3,Practical,2,0,1,3,Prof. Ashish Yadav,17,,,Practical (60%) + Theory (40%)
510,ITEPSK24LSVB3,Leadership Skills V,Skill-Based,ITEP,2,4,Batch-3,2,Practical,1,0,1,2,Dr. Kavya Reddy,16,,,Project (50%) + Presentation (30%) + Viva (20%)
511,ITEPAE24IAWB3,Internet and Web Technologies,AEC,ITEP,2,4,Batch-3,3,Theory,3,0,1,4,Dr. Sarita Singh,15,,,Continuous Assessment (40%) + End-term (60%)
512,ITEPAE24ASIB3,Analytical Skills II,AEC,ITEP,2,4,Batch-3,2,Theory,2,0,0,2,Dr. Manisha Chandra,13,,,Mid-term (30%) + End-term (50%) + Assignment (20%)
513,ITEPAE24HAWB3,Health and Wellness III,AEC,ITEP,2,4,Batch-3,3,Theory,3,0,1,4,Dr. Suman Devi,14,Basic Health,,Mid-term (30%) + End-term (50%) + Assignment (20%)
514,ITEPAE24DLIB3,Digital Literacy IV,AEC,ITEP,2,4,Batch-3,3,Theory,3,0,1,4,Dr. Shweta Saxena,12,,,Practical (60%) + Theory (40%)
515,ITEPAE24AIVB3,Academic Integrity V,AEC,ITEP,2,4,Batch-3,2,Theory,2,0,0,2,Prof. Kiran Desai,19,Basic Academic,,Practical (60%) + Theory (40%)
516,ITEPVA24FMAB3,Folk Music and Dance,VAC,ITEP,2,4,Batch-3,2,Theory,2,0,0,2,Prof. Naresh Chandra,19,,,Continuous Assessment (40%) + End-term (60%)
517,ITEPVA24FMAB3,Folk Music and Dance II,VAC,ITEP,2,4,Batch-3,1,Theory,1,0,0,1,Dr. Sadhna Mishra,14,Basic Folk,,Project (50%) + Presentation (30%) + Viva (20%)
518,ITEPVA24IPAB3,Indian Philosophy and Traditions III,VAC,ITEP,2,4,Batch-3,1,Theory,1,0,0,1,Prof. Ramesh Verma,17,,,Mid-term (30%) + End-term (50%) + Assignment (20%)
519,ITEPVA24AAWB3,Ayurveda and Wellness IV,VAC,ITEP,2,4,Batch-3,1,Theory,1,0,0,1,Dr. Sadhna Mishra,20,Basic Ayurveda,,Continuous Assessment (40%) + End-term (60%)
520,ITEPVA24WCVB3,Water Conservation V,VAC,ITEP,2,4,Batch-3,2,Theory,2,0,0,2,Dr. Lakshmi Narayan,19,,,Continuous Assessment (40%) + End-term (60%)
521,ITEPMA35CMB3,Classroom Management,Major,ITEP,3,5,Batch-3,4,Theory,4,0,1,5,Prof. Manoj Shukla,44,,,Project (50%) + Presentation (30%) + Viva (20%)
522,ITEPMA35SOEB3,Sociology of Education II,Major,ITEP,3,5,Batch-3,4,Theory,4,0,1,5,Dr. Nidhi Goyal,27,Basic Sociology,,Practical (60%) + Theory (40%)
523,ITEPMA35CDAB3,Child Development and Learning III,Major,ITEP,3,5,Batch-3,3,Theory,3,0,1,4,Dr. Sudha Singh,45,,,Continuous Assessment (40%) + End-term (60%)
524,ITEPMA35SMAB3,School Management and Administration IV,Major,ITEP,3,5,Batch-3,3,Theory,3,0,1,4,Dr. Madhuri Patil,28,Basic School,,Project (50%) + Presentation (30%) + Viva (20%)
525,ITEPMA35CMVB3,Classroom Management V,Major,ITEP,3,5,Batch-3,5,Theory,5,0,1,6,Dr. Sarita Singh,28,,,Mid-term (30%) + End-term (50%) + Assignment (20%)
526,ITEPMA35GEIB3,Gifted Education I,Major,ITEP,3,5,Batch-3,4,Theory,4,0,1,5,Dr. Kavya Reddy,30,,,Continuous Assessment (40%) + End-term (60%)
527,ITEPMI35UPB3,Urban Planning,Minor,ITEP,3,5,Batch-3,4,Theory,4,0,1,5,Prof. Rohit Singh,22,,,Continuous Assessment (40%) + End-term (60%)
528,ITEPMI35GTIB3,Game Theory II,Minor,ITEP,3,5,Batch-3,4,Theory,4,0,1,5,Prof. Harish Chandra,20,,,Project (50%) + Presentation (30%) + Viva (20%)
529,ITEPMI35CRIB3,Comparative Religion III,Minor,ITEP,3,5,Batch-3,3,Theory,3,0,1,4,Prof. Pramod Mishra,15,,,Project (50%) + Presentation (30%) + Viva (20%)
530,ITEPMI35SDIB3,Sustainable Development IV,Minor,ITEP,3,5,Batch-3,3,Theory,3,0,1,4,Prof. Lalit Singh,22,,,Practical (60%) + Theory (40%)
531,ITEPMI35PSVB3,Peace Studies V,Minor,ITEP,3,5,Batch-3,2,Theory,2,0,0,2,Dr. Usha Rani,25,,,Continuous Assessment (40%) + End-term (60%)
532,ITEPSK35ITIB3,ICT Tools in Education,Skill-Based,ITEP,3,5,Batch-3,3,Lab,2,2,0,4,Dr. Bharti Sharma,14,,,Practical (60%) + Theory (40%)
533,ITEPSK35FL(B3,Foreign Language (German) II,Skill-Based,ITEP,3,5,Batch-3,3,Practical,2,0,1,3,Dr. Seema Chandra,12,,,Practical (60%) + Theory (40%)
534,ITEPSK35PSIB3,Problem Solving III,Skill-Based,ITEP,3,5,Batch-3,2,Practical,1,0,1,2,Prof. Yogesh Kumar,13,,,Practical (60%) + Theory (40%)
535,ITEPSK35CTIB3,Critical Thinking IV,Skill-Based,ITEP,3,5,Batch-3,2,Practical,1,0,1,2,Dr. Pallavi Dixit,10,,,Practical (60%) + Theory (40%)
536,ITEPSK35EMVB3,Event Management V,Skill-Based,ITEP,3,5,Batch-3,3,Practical,2,0,1,3,Dr. Sushma Goyal,11,,,Project (50%) + Presentation (30%) + Viva (20%)
537,ITEPAE35ILB3,Information Literacy,AEC,ITEP,3,5,Batch-3,2,Theory,2,0,0,2,Prof. Vikas Yadav,13,Basic Information,,Practical (60%) + Theory (40%)
538,ITEPAE35LSIB3,Life Skills II,AEC,ITEP,3,5,Batch-3,2,Theory,2,0,0,2,Prof. Vikas Yadav,13,,,Continuous Assessment (40%) + End-term (60%)
539,ITEPAE35MTIB3,Mathematical Thinking III,AEC,ITEP,3,5,Batch-3,2,Theory,2,0,0,2,Dr. Seema Chandra,12,,,Mid-term (30%) + End-term (50%) + Assignment (20%)
540,ITEPAE35HCIB3,Hindi Communication IV,AEC,ITEP,3,5,Batch-3,2,Theory,2,0,0,2,Prof. Rajesh Kumar,16,,,Project (50%) + Presentation (30%) + Viva (20%)
541,ITEPAE35HAWB3,Health and Wellness V,AEC,ITEP,3,5,Batch-3,3,Theory,3,0,1,4,Prof. Yogesh Kumar,15,,,Practical (60%) + Theory (40%)
542,ITEPVA35TAAB3,Traditional Arts and Crafts,VAC,ITEP,3,5,Batch-3,1,Theory,1,0,0,1,Dr. Nidhi Goyal,15,Basic Traditional,,Practical (60%) + Theory (40%)
543,ITEPVA35CHIB3,Cultural Heritage II,VAC,ITEP,3,5,Batch-3,1,Theory,1,0,0,1,Prof. Manoj Shukla,13,,,Project (50%) + Presentation (30%) + Viva (20%)
544,ITEPVA35IKSB3,Indian Knowledge Systems III,VAC,ITEP,3,5,Batch-3,1,Theory,1,0,0,1,Prof. Gaurav Tiwari,14,,,Project (50%) + Presentation (30%) + Viva (20%)
545,ITEPVA35CHIB3,Cultural Heritage IV,VAC,ITEP,3,5,Batch-3,2,Theory,2,0,0,2,Dr. Ritu Malhotra,14,,,Practical (60%) + Theory (40%)
546,ITEPVA35IPAB3,Indian Philosophy and Traditions V,VAC,ITEP,3,5,Batch-3,2,Theory,2,0,0,2,Dr. Sarita Bhardwaj,16,,,Mid-term (30%) + End-term (50%) + Assignment (20%)
547,ITEPMA36ELB3,Educational Leadership,Major,ITEP,3,6,Batch-3,3,Theory,3,0,1,4,Dr. Sunanda Jain,32,,,Project (50%) + Presentation (30%) + Viva (20%)
548,ITEPMA36ESIB3,Educational Statistics II,Major,ITEP,3,6,Batch-3,3,Theory,3,0,1,4,Dr. Lata Sharma,30,Basic Educational,,Project (50%) + Presentation (30%) + Viva (20%)
549,ITEPMA36ETIB3,Educational Technology III,Major,ITEP,3,6,Batch-3,3,Theory,3,0,1,4,Dr. Preeti Jain,41,,,Mid-term (30%) + End-term (50%) + Assignment (20%)
550,ITEPMA36GACB3,Guidance and Counselling IV,Major,ITEP,3,6,Batch-3,3,Theory,3,0,1,4,Prof. Praveen Kumar,42,,,Continuous Assessment (40%) + End-term (60%)
551,ITEPMA36EPVB3,Educational Psychology V,Major,ITEP,3,6,Batch-3,4,Theory,4,0,1,5,Prof. Priyanka Sharma,44,Basic Educational,,Continuous Assessment (40%) + End-term (60%)
552,ITEPMA36AACB3,Adult and Continuing Education I,Major,ITEP,3,6,Batch-3,4,Theory,4,0,1,5,Prof. Vinay Joshi,41,,,Project (50%) + Presentation (30%) + Viva (20%)
553,ITEPMI36CRB3,Comparative Religion,Minor,ITEP,3,6,Batch-3,2,Theory,2,0,0,2,Dr. Manisha Chandra,24,Basic Comparative,,Practical (60%) + Theory (40%)
554,ITEPMI36DSIB3,Disability Studies II,Minor,ITEP,3,6,Batch-3,3,Theory,3,0,1,4,Prof. Vinay Joshi,20,,,Continuous Assessment (40%) + End-term (60%)
555,ITEPMI36PAIB3,Public Administration III,Minor,ITEP,3,6,Batch-3,3,Theory,3,0,1,4,Prof. Subhash Patel,23,,,Continuous Assessment (40%) + End-term (60%)
556,ITEPMI36CRIB3,Conflict Resolution IV,Minor,ITEP,3,6,Batch-3,3,Theory,3,0,1,4,Prof. Ravi Krishnan,18,Basic Conflict,,Project (50%) + Presentation (30%) + Viva (20%)
557,ITEPMI36CRVB3,Conflict Resolution V,Minor,ITEP,3,6,Batch-3,2,Theory,2,0,0,2,Dr. Suman Devi,22,,,Practical (60%) + Theory (40%)
558,ITEPSK36CCB3,Content Creation,Skill-Based,ITEP,3,6,Batch-3,3,Practical,2,0,1,3,Dr. Sudha Rani,10,,,Project (50%) + Presentation (30%) + Viva (20%)
559,ITEPSK36SMMB3,Social Media Management II,Skill-Based,ITEP,3,6,Batch-3,2,Practical,1,0,1,2,Dr. Seema Singh,10,,,Project (50%) + Presentation (30%) + Viva (20%)
560,ITEPSK36CTIB3,Critical Thinking III,Skill-Based,ITEP,3,6,Batch-3,3,Practical,2,0,1,3,Dr. Madhavi Sharma,15,Basic Critical,,Practical (60%) + Theory (40%)
561,ITEPSK36FLIB3,Financial Literacy IV,Skill-Based,ITEP,3,6,Batch-3,2,Practical,1,0,1,2,Dr. Kiran Singh,16,,,Project (50%) + Presentation (30%) + Viva (20%)
562,ITEPSK36CWVB3,Creative Writing V,Skill-Based,ITEP,3,6,Batch-3,3,Practical,2,0,1,3,Dr. Pushpa Jain,15,,,Continuous Assessment (40%) + End-term (60%)
563,ITEPAE36AIB3,Academic Integrity,AEC,ITEP,3,6,Batch-3,2,Theory,2,0,0,2,Dr. Anjali Thakur,17,,,Continuous Assessment (40%) + End-term (60%)
564,ITEPAE36AIIB3,Academic Integrity II,AEC,ITEP,3,6,Batch-3,2,Theory,2,0,0,2,Prof. Vikram Patel,14,,,Project (50%) + Presentation (30%) + Viva (20%)
565,ITEPAE36ASIB3,Analytical Skills III,AEC,ITEP,3,6,Batch-3,2,Theory,2,0,0,2,Dr. Shruti Iyer,16,,,Project (50%) + Presentation (30%) + Viva (20%)
566,ITEPAE36AIIB3,Academic Integrity IV,AEC,ITEP,3,6,Batch-3,2,Theory,2,0,0,2,Dr. Shalini Gupta,16,Basic Academic,,Continuous Assessment (40%) + End-term (60%)
567,ITEPAE36STVB3,Scientific Temper V,AEC,ITEP,3,6,Batch-3,2,Theory,2,0,0,2,Prof. Ashish Yadav,14,Basic Scientific,,Continuous Assessment (40%) + End-term (60%)
568,ITEPVA36CAB3,Climate Action,VAC,ITEP,3,6,Batch-3,1,Theory,1,0,0,1,Prof. Amit Singh,10,,,Mid-term (30%) + End-term (50%) + Assignment (20%)
569,ITEPVA36REIB3,Renewable Energy II,VAC,ITEP,3,6,Batch-3,2,Theory,2,0,0,2,Dr. Lata Sharma,10,,,Project (50%) + Presentation (30%) + Viva (20%)
570,ITEPVA36TAAB3,Traditional Arts and Crafts III,VAC,ITEP,3,6,Batch-3,1,Theory,1,0,0,1,Dr. Lakshmi Narayan,18,,,Mid-term (30%) + End-term (50%) + Assignment (20%)
571,ITEPVA36CHIB3,Cultural Heritage IV,VAC,ITEP,3,6,Batch-3,1,Theory,1,0,0,1,Dr. Sunanda Jain,18,Basic Cultural,,Continuous Assessment (40%) + End-term (60%)
572,ITEPVA36CHVB3,Cultural Heritage V,VAC,ITEP,3,6,Batch-3,1,Theory,1,0,0,1,Prof. Gaurav Tiwari,10,Basic Cultural,,Mid-term (30%) + End-term (50%) + Assignment (20%)
573,ITEPMA47FOEB3,Foundations of Education,Major,ITEP,4,7,Batch-3,5,Theory,5,0,1,6,Dr. Rekha Devi,23,Basic Foundations,,Continuous Assessment (40%) + End-term (60%)
574,ITEPMA47GEIB3,Gifted Education II,Major,ITEP,4,7,Batch-3,5,Theory,5,0,1,6,Prof. Mahesh Singh,30,Basic Gifted,,Mid-term (30%) + End-term (50%) + Assignment (20%)
575,ITEPMA47POEB3,Philosophy of Education III,Major,ITEP,4,7,Batch-3,4,Theory,4,0,1,5,Prof. Sanjay Kumar,26,,,Project (50%) + Presentation (30%) + Viva (20%)
576,ITEPMA47AACB3,Adult and Continuing Education IV,Major,ITEP,4,7,Batch-3,5,Theory,5,0,1,6,Dr. Sarita Singh,32,,,Practical (60%) + Theory (40%)
577,ITEPMA47CAPB3,Curriculum and Pedagogy V,Major,ITEP,4,7,Batch-3,3,Theory,3,0,1,4,Dr. Seema Singh,37,,,Practical (60%) + Theory (40%)
578,ITEPMA47POEB3,Philosophy of Education I,Major,ITEP,4,7,Batch-3,5,Theory,5,0,1,6,Dr. Nirmala Devi,32,,,Practical (60%) + Theory (40%)
579,ITEPMI47DSB3,Development Studies,Minor,ITEP,4,7,Batch-3,3,Theory,3,0,1,4,Prof. Ashish Yadav,22,,,Practical (60%) + Theory (40%)
580,ITEPMI47LSIB3,Library Science II,Minor,ITEP,4,7,Batch-3,4,Theory,4,0,1,5,Dr. Kavya Reddy,19,,,Practical (60%) + Theory (40%)
581,ITEPMI47BEIB3,Behavioral Economics III,Minor,ITEP,4,7,Batch-3,3,Theory,3,0,1,4,Prof. Pramod Mishra,24,,,Project (50%) + Presentation (30%) + Viva (20%)
582,ITEPMI47IRIB3,International Relations IV,Minor,ITEP,4,7,Batch-3,4,Theory,4,0,1,5,Prof. Manish Agrawal,13,,,Continuous Assessment (40%) + End-term (60%)
583,ITEPMI47CSVB3,Climate Studies V,Minor,ITEP,4,7,Batch-3,4,Theory,4,0,1,5,Prof. Subhash Goel,13,,,Practical (60%) + Theory (40%)
584,ITEPSK47TWB3,Technical Writing,Skill-Based,ITEP,4,7,Batch-3,2,Practical,1,0,1,2,Prof. Varun Chopra,14,,,Practical (60%) + Theory (40%)
585,ITEPSK47TACB3,Teamwork and Collaboration II,Skill-Based,ITEP,4,7,Batch-3,3,Practical,2,0,1,3,Dr. Rekha Devi,8,,,Practical (60%) + Theory (40%)
586,ITEPSK47ITIB3,ICT Tools in Education III,Skill-Based,ITEP,4,7,Batch-3,3,Lab,2,2,0,4,Prof. Rakesh Gupta,14,Basic ICT,,Practical (60%) + Theory (40%)
587,ITEPSK47CTIB3,Critical Thinking IV,Skill-Based,ITEP,4,7,Batch-3,2,Practical,1,0,1,2,Dr. Alka Shukla,13,Basic Critical,,Mid-term (30%) + End-term (50%) + Assignment (20%)
588,ITEPSK47MADB3,Mobile App Development V,Skill-Based,ITEP,4,7,Batch-3,3,Practical,2,0,1,3,Prof. Gaurav Tiwari,12,,,Mid-term (30%) + End-term (50%) + Assignment (20%)
589,ITEPAE47ILB3,Information Literacy,AEC,ITEP,4,7,Batch-3,2,Theory,2,0,0,2,Dr. Madhuri Patil,10,Basic Information,,Mid-term (30%) + End-term (50%) + Assignment (20%)
590,ITEPAE47HCIB3,Hindi Communication II,AEC,ITEP,4,7,Batch-3,3,Theory,3,0,1,4,Dr. Sudha Singh,10,Basic Hindi,,Continuous Assessment (40%) + End-term (60%)
591,ITEPAE47AIIB3,Academic Integrity III,AEC,ITEP,4,7,Batch-3,3,Theory,3,0,1,4,Dr. Sharda Gupta,8,,,Mid-term (30%) + End-term (50%) + Assignment (20%)
592,ITEPAE47IAWB3,Internet and Web Technologies IV,AEC,ITEP,4,7,Batch-3,3,Theory,3,0,1,4,Prof. Deepak Gupta,14,,,Project (50%) + Presentation (30%) + Viva (20%)
593,ITEPAE47ILVB3,Information Literacy V,AEC,ITEP,4,7,Batch-3,2,Theory,2,0,0,2,Dr. Manisha Chandra,14,,,Project (50%) + Presentation (30%) + Viva (20%)
594,ITEPVA47REB3,Renewable Energy,VAC,ITEP,4,7,Batch-3,2,Theory,2,0,0,2,Dr. Sarita Singh,13,,,Project (50%) + Presentation (30%) + Viva (20%)
595,ITEPVA47CVIB3,Constitutional Values II,VAC,ITEP,4,7,Batch-3,1,Theory,1,0,0,1,Prof. Mukesh Agarwal,8,,,Practical (60%) + Theory (40%)
596,ITEPVA47HVIB3,Human Values III,VAC,ITEP,4,7,Batch-3,1,Theory,1,0,0,1,Dr. Sarita Singh,8,,,Project (50%) + Presentation (30%) + Viva (20%)
597,ITEPVA47SSAB3,Social Service and Outreach IV,VAC,ITEP,4,7,Batch-3,1,Theory,1,0,0,1,Dr. Seema Chandra,14,Basic Social,,Project (50%) + Presentation (30%) + Viva (20%)
598,ITEPVA47IPAB3,Indian Philosophy and Traditions V,VAC,ITEP,4,7,Batch-3,1,Theory,1,0,0,1,Prof. Anil Patel,15,,,Mid-term (30%) + End-term (50%) + Assignment (20%)
599,ITEPMA48CEB3,Comparative Education,Major,ITEP,4,8,Batch-3,5,Theory,5,0,1,6,Prof. Prakash Verma,31,,,Continuous Assessment (40%) + End-term (60%)
600,ITEPMA48RMIB3,Research Methods in Education II,Major,ITEP,4,8,Batch-3,4,Theory,4,0,1,5,Prof. Yogesh Kumar,38,,,Project (50%) + Presentation (30%) + Viva (20%)
601,ITEPMA48GAEB3,Gender and Education III,Major,ITEP,4,8,Batch-3,4,Theory,4,0,1,5,Prof. Sneha Jain,37,,,Mid-term (30%) + End-term (50%) + Assignment (20%)
602,ITEPMA48PEIB3,Peace Education IV,Major,ITEP,4,8,Batch-3,3,Theory,3,0,1,4,Dr. Rashmi Sinha,26,,,Continuous Assessment (40%) + End-term (60%)
603,ITEPMA48RMIB3,Research Methods in Education V,Major,ITEP,4,8,Batch-3,5,Theory,5,0,1,6,Dr. Rashmi Sinha,24,Basic Research,,Project (50%) + Presentation (30%) + Viva (20%)
604,ITEPMA48PEIB3,Peace Education I,Major,ITEP,4,8,Batch-3,5,Theory,5,0,1,6,Dr. Nisha Verma,39,Basic Peace,,Continuous Assessment (40%) + End-term (60%)
605,ITEPMI48CB3,Criminology,Minor,ITEP,4,8,Batch-3,2,Theory,2,0,0,2,Prof. Brijesh Tiwari,15,,,Continuous Assessment (40%) + End-term (60%)
606,ITEPMI48IRIB3,International Relations II,Minor,ITEP,4,8,Batch-3,2,Theory,2,0,0,2,Prof. Mukesh Agarwal,12,,,Mid-term (30%) + End-term (50%) + Assignment (20%)
607,ITEPMI48DHIB3,Digital Humanities III,Minor,ITEP,4,8,Batch-3,2,Theory,2,0,0,2,Dr. Manju Agarwal,19,Basic Digital,,Project (50%) + Presentation (30%) + Viva (20%)
608,ITEPMI48CSIB3,Cognitive Science IV,Minor,ITEP,4,8,Batch-3,4,Theory,4,0,1,5,Dr. Nidhi Goyal,16,Basic Cognitive,,Practical (60%) + Theory (40%)
609,ITEPMI48ASVB3,Area Studies V,Minor,ITEP,4,8,Batch-3,3,Theory,3,0,1,4,Prof. Mukesh Agarwal,18,,,Project (50%) + Presentation (30%) + Viva (20%)
610,ITEPSK48EMB3,Event Management,Skill-Based,ITEP,4,8,Batch-3,2,Practical,1,0,1,2,Dr. Archana Singh,10,,,Continuous Assessment (40%) + End-term (60%)
611,ITEPSK48PSIB3,Presentation Skills II,Skill-Based,ITEP,4,8,Batch-3,3,Practical,2,0,1,3,Prof. Praveen Kumar,11,,,Practical (60%) + Theory (40%)
612,ITEPSK48IACB3,Innovation and Creativity III,Skill-Based,ITEP,4,8,Batch-3,2,Practical,1,0,1,2,Dr. Kavya Reddy,12,Basic Innovation,,Project (50%) + Presentation (30%) + Viva (20%)
613,ITEPSK48PSIB3,Presentation Skills IV,Skill-Based,ITEP,4,8,Batch-3,2,Practical,1,0,1,2,Dr. Sarita Bhardwaj,12,,,Continuous Assessment (40%) + End-term (60%)
614,ITEPSK48ITIB3,ICT Tools in Education V,Skill-Based,ITEP,4,8,Batch-3,2,Lab,1,2,0,3,Prof. Ramesh Verma,12,,,Mid-term (30%) + End-term (50%) + Assignment (20%)
615,ITEPAE48STB3,Scientific Temper,AEC,ITEP,4,8,Batch-3,3,Theory,3,0,1,4,Dr. Seema Chandra,12,,,Mid-term (30%) + End-term (50%) + Assignment (20%)
616,ITEPAE48MTIB3,Mathematical Thinking II,AEC,ITEP,4,8,Batch-3,2,Theory,2,0,0,2,Dr. Nisha Verma,16,Basic Mathematical,,Practical (60%) + Theory (40%)
617,ITEPAE48HCIB3,Hindi Communication III,AEC,ITEP,4,8,Batch-3,3,Theory,3,0,1,4,Dr. Nisha Verma,16,,,Mid-term (30%) + End-term (50%) + Assignment (20%)
618,ITEPAE48DPAB3,Data Privacy and Ethics IV,AEC,ITEP,4,8,Batch-3,3,Theory,3,0,1,4,Prof. Praveen Kumar,10,Basic Data,,Mid-term (30%) + End-term (50%) + Assignment (20%)
619,ITEPAE48HCVB3,Hindi Communication V,AEC,ITEP,4,8,Batch-3,3,Theory,3,0,1,4,Prof. Arjun Nair,15,,,Continuous Assessment (40%) + End-term (60%)
620,ITEPVA48CVB3,Constitutional Values,VAC,ITEP,4,8,Batch-3,1,Theory,1,0,0,1,Prof. Subhash Patel,9,,,Practical (60%) + Theory (40%)
621,ITEPVA48YAMB3,Yoga and Meditation II,VAC,ITEP,4,8,Batch-3,2,Theory,2,0,0,2,Dr. Seema Chandra,14,,,Continuous Assessment (40%) + End-term (60%)
622,ITEPVA48EAMB3,Ethics and Moral Values III,VAC,ITEP,4,8,Batch-3,2,Theory,2,0,0,2,Prof. Naveen Joshi,10,,,Mid-term (30%) + End-term (50%) + Assignment (20%)
623,ITEPVA48SLIB3,Sustainable Living IV,VAC,ITEP,4,8,Batch-3,2,Theory,2,0,0,2,Prof. Varun Chopra,8,,,Continuous Assessment (40%) + End-term (60%)
624,ITEPVA48CHVB3,Cultural Heritage V,VAC,ITEP,4,8,Batch-3,1,Theory,1,0,0,1,Dr. Aditi Saxena,13,,,Project (50%) + Presentation (30%) + Viva (20%)
